年月日,最高気温(℃),最低気温(℃),平均気温(℃),降水量の合計(mm),日照時間(時間)
2000/1/1,3.6,-1.9,0.1,0,1.8
2000/1/2,2.3,-3.1,-0.7,0,5.9
2000/1/3,1.9,-1.3,0.4,11,0.2
2000/1/4,3.8,0.6,2,0,1.7
2000/1/5,5.2,-2.5,0.8,0,3.7
2000/1/6,3,-1.1,1.2,7,0
2000/1/7,7.6,1.2,3.8,14,0.3
2000/1/8,2.7,0.3,1.3,4,0
2000/1/9,3.3,-3,0.6,0,1.1
2000/1/10,5.4,-0.9,1.8,13,0
2000/1/11,-0.1,-3.3,-1.6,0,3.3
2000/1/12,3.8,-2.1,0,0,7.4
2000/1/13,2.7,-1.7,0.5,17,0
2000/1/14,6.8,1.3,3.6,3,1.1
2000/1/15,5.6,-3.8,1.1,1,3.2
2000/1/16,2.8,-4.9,-0.6,0,3.1
2000/1/17,4.5,-2.7,0.7,0,5.7
2000/1/18,3.9,-7,-2.2,0,8.1
2000/1/19,5.5,-8.8,-1.3,0,8.4
2000/1/20,3,-0.9,0.9,5,0.8
2000/1/21,1,-9.3,-2.8,1,1.7
2000/1/22,1.5,-12.6,-4.7,0,6.5
2000/1/23,3.1,-3.1,-0.2,0,1.5
2000/1/24,4.2,-3.8,0.3,0,3.4
2000/1/25,-2.7,-8,-5.3,0,7.8
2000/1/26,-1.9,-11.5,-6.6,0,4.1
2000/1/27,-0.4,-15,-8,0,8.5
2000/1/28,4.1,-13.7,-4.4,0,7.2
2000/1/29,6.6,-10.1,-2,0,8.8
2000/1/30,3,-3.5,-0.2,1,2.2
2000/1/31,1.2,-7.3,-3.1,1,6.4
2000/2/1,4.6,-7.8,-0.7,0,8.4
2000/2/2,5.6,-4.8,1.5,0,3
2000/2/3,6.9,-5.1,0.2,0,5.6
2000/2/4,4.5,-4.9,0.5,0,7.2
2000/2/5,5.7,-3.6,0.5,0,5.9
2000/2/6,4.2,-7.3,-1.9,0,1.2
2000/2/7,2.4,-2.8,-0.3,8,0
2000/2/8,4.7,-0.5,1.5,2,0.8
2000/2/9,3.4,-4.3,-0.7,0,3.4
2000/2/10,1.7,-6.1,-1.2,0,5.4
2000/2/11,3.3,-3.1,0.2,0,1.5
2000/2/12,1.8,-3.1,-0.8,0,1.4
2000/2/13,0.8,-7.2,-3,0,2.8
2000/2/14,3.2,-9.1,-2.2,7,6
2000/2/15,0.3,-9.3,-3.3,1,1.3
2000/2/16,-1.8,-10.7,-6.4,0,6.8
2000/2/17,0.9,-14.6,-6.8,0,3.4
2000/2/18,3.3,-8.8,-3.2,0,6.9
2000/2/19,3.9,-9,-1.9,0,6.1
2000/2/20,5.1,-2.9,0.6,1,0.9
2000/2/21,1.1,-4.7,-2.1,0,3.5
2000/2/22,-1.7,-7.3,-3.7,9,1.2
2000/2/23,0.9,-11.4,-5.4,0,2.6
2000/2/24,-0.9,-8,-4.1,2,2.7
2000/2/25,-1.4,-11.4,-6.4,0,3.6
2000/2/26,1.4,-12.6,-5.8,0,7.8
2000/2/27,4.8,-7.3,-1.3,2,8.6
2000/2/28,1.7,-5.3,-1.4,3,1.7
2000/2/29,1.8,-8.2,-2.8,0,6.9
2000/3/1,2.9,-11.7,-3,0,8.9
2000/3/2,5.8,-0.5,2.4,0,1.4
2000/3/3,7.4,-7.2,1.2,0,9.8
2000/3/4,7.5,-1.5,3.2,0,4.7
2000/3/5,7.9,-2.6,3.6,0,10.2
2000/3/6,6.4,-6.7,0,0,10.2
2000/3/7,3.8,-2.6,-0.2,3,1.1
2000/3/8,1.8,-4.3,-1.8,0,8
2000/3/9,-0.3,-6.8,-4.2,0,2.8
2000/3/10,-0.3,-7.8,-3.6,0,1.9
2000/3/11,6.8,-3.8,0.7,0,7.8
2000/3/12,5.8,-4.9,0.1,0,8.8
2000/3/13,1.9,-5.1,-2.4,1,1
2000/3/14,2.3,-6.5,-1.6,0,6.8
2000/3/15,5,-2.9,0.6,0,4.2
2000/3/16,2.3,-1.4,-0.1,16,0
2000/3/17,4.7,-2.2,0.2,0,2.6
2000/3/18,6.9,-8.9,0.4,12,5.1
2000/3/19,9.8,0.4,5.6,9,2.9
2000/3/20,5.3,-2,1.2,2,4.8
2000/3/21,6.3,-5,0.7,0,5.4
2000/3/22,3.2,-4.1,-0.3,1,2.2
2000/3/23,5,-6.2,0.5,0,4
2000/3/24,7.7,-0.8,3.9,20,1.8
2000/3/25,3.3,-2.2,-0.2,1,1.2
2000/3/26,1.3,-4.1,-1.6,0,2.5
2000/3/27,4,-3.4,0.5,0,1.5
2000/3/28,11.1,-4.3,3.6,1,2.7
2000/3/29,10.7,4.3,8.2,31,0.3
2000/3/30,8.4,2.8,5,3,2.6
2000/3/31,10.3,0.7,6.5,1,4.2
2000/4/1,7.7,-0.9,3.6,1,6.6
2000/4/2,8,-1.6,2.9,0,7.5
2000/4/3,12,-4.6,3.3,0,11.8
2000/4/4,14.2,-4.4,5.7,0,11.8
2000/4/5,9.4,4.6,7.6,15,0
2000/4/6,9.7,2.5,6.2,1,3.9
2000/4/7,14.1,-0.6,7.7,0,9.8
2000/4/8,10.2,-0.4,6.5,2,4
2000/4/9,15.2,-2.6,7,0,10.3
2000/4/10,14.9,4.4,10.3,12,3
2000/4/11,10.8,0.3,4.4,21,4.7
2000/4/12,10.2,0.6,4.9,1,2.5
2000/4/13,16,1.8,9.6,0,10.8
2000/4/14,12.3,3.9,8,10,1.4
2000/4/15,11.9,1.8,7.6,0,3.2
2000/4/16,11,0.8,5.9,0,7.4
2000/4/17,10.4,-0.3,4.8,0,3
2000/4/18,13.9,2.3,7.8,0,6.5
2000/4/19,16.8,3.5,10.2,0,11.6
2000/4/20,11.3,5.4,7.5,0,1.5
2000/4/21,14.3,6.5,10.8,3,0
2000/4/22,13.3,10.7,11.7,26,0.3
2000/4/23,12,5.6,8.9,5,1.1
2000/4/24,11.9,4.6,7.8,11,2.2
2000/4/25,14.6,5.5,9.3,7,5.5
2000/4/26,18.5,1.2,10.3,0,7.5
2000/4/27,13.7,6.4,8.8,25,0
2000/4/28,12.5,5.1,8.7,0,1.3
2000/4/29,15.2,5.9,10,0,7.7
2000/4/30,19.7,1.7,12.1,0,8.8
2000/5/1,18.3,7,11.9,1,1.9
2000/5/2,20.3,5.8,13.7,1,5.2
2000/5/3,13.5,9.3,11.3,44,0
2000/5/4,14,7.4,9.9,1,0
2000/5/5,15.1,6.6,10.5,0,0.4
2000/5/6,14.5,3.7,10.2,0,0.8
2000/5/7,19.6,9.8,14.6,0,3.8
2000/5/8,17.9,10.6,14.1,26,0.6
2000/5/9,19.6,8.3,13.8,3,5.1
2000/5/10,21.2,8.2,14.7,0,2.1
2000/5/11,19.5,10.5,14.9,0,3.5
2000/5/12,20.4,13.2,16.3,1,1.3
2000/5/13,17.5,14.5,15.3,39,0
2000/5/14,16.8,13.3,15.1,13,0
2000/5/15,20.4,9.5,14.7,0,9.1
2000/5/16,16.9,6.2,11.9,0,4.3
2000/5/17,18.2,9.1,13.2,0,5.7
2000/5/18,24.2,7.6,15.3,0,10.1
2000/5/19,21.7,9.7,15.7,0,10.4
2000/5/20,18.3,12,14.3,0,0
2000/5/21,16.2,12.1,14,1,0.5
2000/5/22,20.7,12.4,16.4,1,7.3
2000/5/23,23.1,13.1,17.9,0,10.2
2000/5/24,19.1,10.7,14.3,8,3.3
2000/5/25,24.3,9.2,17.1,0,11.5
2000/5/26,29.4,13.3,20.2,0,10.1
2000/5/27,28.3,11.7,20.3,0,4.8
2000/5/28,19.3,14.5,17.2,9,0
2000/5/29,21.8,13.1,17.6,0,8
2000/5/30,25.6,16.8,21.2,0,11.1
2000/5/31,22.4,11.6,17.1,0,0
2000/6/1,19.7,12.9,16,2,0
2000/6/2,20.8,9.6,15.8,0,7.6
2000/6/3,23.3,9.3,16.5,0,6
2000/6/4,19.7,9.9,13.9,0,2.4
2000/6/5,22.8,8.3,15.7,0,10.3
2000/6/6,26.7,11.8,18.8,0,8.8
2000/6/7,23.5,15.5,19.8,0,9.5
2000/6/8,26.2,14.2,19.4,0,1.1
2000/6/9,17,15.5,16.1,9,0
2000/6/10,21.2,13.8,17.2,0,7.8
2000/6/11,16.4,12.6,14.5,0,0
2000/6/12,22.1,14.2,17.4,0,4.2
2000/6/13,22.1,15.1,18.4,0,1.6
2000/6/14,19.5,15.7,17.1,16,0
2000/6/15,26.2,13.5,19.7,0,10.9
2000/6/16,25,14.2,20.7,0,3.3
2000/6/17,25.4,15.9,21.1,0,0
2000/6/18,27.5,17,21.8,0,4.3
2000/6/19,29,14.2,21.5,0,9.3
2000/6/20,29.5,15.3,22.2,0,12.1
2000/6/21,27,17.2,21.9,0,1.5
2000/6/22,29.6,14.8,22.3,0,6.4
2000/6/23,25.6,17.1,21.4,0,0
2000/6/24,23.7,15.6,19.3,0,0
2000/6/25,22.9,14,18.6,0,1.6
2000/6/26,21.4,13.5,17.7,0,8.1
2000/6/27,19.6,17.2,18.1,11,0
2000/6/28,23.1,17.6,20.4,28,0.3
2000/6/29,27.7,16.1,22,0,9
2000/6/30,29,17.8,23.5,1,0.7
2000/7/1,25.8,21.5,23.7,4,0.6
2000/7/2,26.6,21.6,24.1,5,1
2000/7/3,28.4,18.4,23.5,0,7.3
2000/7/4,27.6,16.7,21.4,0,6.3
2000/7/5,26.5,17.6,21.3,2,3.7
2000/7/6,26.6,18.7,21.7,3,4.1
2000/7/7,25,18.6,21.1,0,0.3
2000/7/8,19,16.8,18,27,0
2000/7/9,22.7,16.8,19.3,9,0
2000/7/10,26.7,15.4,21,0,9.6
2000/7/11,28.7,13.8,21.6,0,10
2000/7/12,27.1,17.7,21.9,41,1.2
2000/7/13,25.8,18.5,22.3,0,0.3
2000/7/14,30.9,21.2,25.9,0,7.7
2000/7/15,30.3,19.9,24.2,18,0.3
2000/7/16,26.8,19.4,22.8,0,0.9
2000/7/17,27.8,20.7,24.6,9,4.4
2000/7/18,23.5,19.8,21.5,49,0
2000/7/19,26.1,20.1,22,3,0
2000/7/20,26.8,19.9,22.9,0,0
2000/7/21,29.2,21.7,24.8,0,6.3
2000/7/22,29.9,22.6,25.9,0,4.3
2000/7/23,27.2,23.8,25.5,1,0.3
2000/7/24,31.4,20.1,26.4,1,8.8
2000/7/25,28.6,19.8,23.5,18,0.7
2000/7/26,21,19.6,20.3,33,0
2000/7/27,28.3,17,22.7,0,7.2
2000/7/28,28,18.8,22.1,39,4.1
2000/7/29,27.7,19.7,23.8,0,0.1
2000/7/30,29.6,21.3,25.6,0,8.8
2000/7/31,32.9,22,27.4,0,9.7
2000/8/1,34.6,23.2,27.8,0,6.2
2000/8/2,31.7,22.9,26.7,0,5.6
2000/8/3,32.4,23.1,25.9,2,7.3
2000/8/4,30.5,23.3,25.6,2,4.3
2000/8/5,30.6,21.4,24.4,19,3.4
2000/8/6,29.2,21.2,23.9,42,2.1
2000/8/7,29,21.3,24.2,0,3.5
2000/8/8,29,21.6,24.1,11,4.6
2000/8/9,28.2,21.4,24.1,3,4.3
2000/8/10,26.8,20.8,23.3,2,2
2000/8/11,24,20.4,22.3,7,0
2000/8/12,29.3,19.9,24.4,0,11.8
2000/8/13,27.1,15,21.4,0,7.6
2000/8/14,27.9,13.3,21,0,9.6
2000/8/15,30.1,20,24,13,1.3
2000/8/16,28.9,19.6,23.8,0,5.1
2000/8/17,26.9,15.1,21.1,0,12
2000/8/18,28.9,14,22,0,7.2
2000/8/19,29.9,18.2,23.9,0,10
2000/8/20,28.5,19.5,23.8,0,5.9
2000/8/21,27.5,20.9,23.5,0,4.7
2000/8/22,31.3,21.9,25.4,0,3.4
2000/8/23,29.5,18.7,24.2,2,5
2000/8/24,29.9,16.4,22.6,0,10.1
2000/8/25,30,15.2,22.8,0,11
2000/8/26,27.2,20.2,23.6,1,0.2
2000/8/27,28.9,17.8,23.1,0,2.9
2000/8/28,25.8,20.5,23.2,0,2.6
2000/8/29,29.7,20.4,23.7,2,2.6
2000/8/30,27.3,20.2,23.7,0,2.1
2000/8/31,27.3,22,24.6,0,1.3
2000/9/1,29.3,23.2,25.9,0,2.4
2000/9/2,28.5,21.6,24.9,19,3.7
2000/9/3,21.5,17,18.5,16,0
2000/9/4,21.3,12.3,17.3,0,2.6
2000/9/5,23,9.5,17.1,0,8.4
2000/9/6,23,17,19.6,3,1.1
2000/9/7,27.9,16.2,22.2,0,4.7
2000/9/8,25.1,14,20,0,7
2000/9/9,19.2,17.6,18.1,65,0
2000/9/10,21.7,17.7,19.7,2,0
2000/9/11,21.5,18.1,19.6,37,0
2000/9/12,18.2,16.2,17.3,40,0
2000/9/13,18.7,15.8,17.3,5,0
2000/9/14,24.3,17.8,20.9,0,1.5
2000/9/15,28.2,20.3,24.1,0,6
2000/9/16,27.2,23,25.1,0,2
2000/9/17,26.3,18.4,23.9,37,0.1
2000/9/18,24.6,13,19.5,2,9
2000/9/19,24.8,10.9,17.5,3,7.5
2000/9/20,23.9,11.9,17.8,0,6.5
2000/9/21,26.1,11.7,17.7,0,8.2
2000/9/22,23.2,12.5,17.6,0,4.3
2000/9/23,21.3,16.1,18.4,5,0
2000/9/24,18.6,16.3,17.3,17,0
2000/9/25,19.3,15.8,17.7,19,0.9
2000/9/26,22,13.2,17.1,0,4.8
2000/9/27,18.9,10.6,13.7,2,2.5
2000/9/28,21.1,10.4,15,1,5.3
2000/9/29,21.4,9.7,14.4,0,5.9
2000/9/30,21.8,7.2,14.8,0,7.3
2000/10/1,22.8,12.4,17.1,0,7.9
2000/10/2,20.4,10.8,15.7,7,0.1
2000/10/3,19.4,11.4,15.7,4,0.3
2000/10/4,21,9,14.1,0,6.7
2000/10/5,18.8,6,12.7,0,4.2
2000/10/6,20.7,7.8,13.8,0,8.1
2000/10/7,19.4,3.5,10.9,0,8.7
2000/10/8,19.3,5.3,12.6,0,6.5
2000/10/9,17.7,10,15,0,0
2000/10/10,23.5,8.4,14.4,0,6.9
2000/10/11,21.2,6.1,14.9,2,2.6
2000/10/12,17.3,6.4,12.7,1,0
2000/10/13,15.8,4,9.1,0,5.6
2000/10/14,15.8,5.7,10.2,8,3.8
2000/10/15,17.5,3.5,10.6,0,7.6
2000/10/16,16.1,3.1,9.2,0,9.6
2000/10/17,17.7,0,10,7,5.2
2000/10/18,12.7,1.2,7.9,2,5.9
2000/10/19,15.6,-0.4,7.1,0,10
2000/10/20,13.8,2.1,9.8,5,0.2
2000/10/21,18.8,4.5,13.1,0,4
2000/10/22,16.7,1,7.5,0,8.8
2000/10/23,14.4,0.8,8.2,3,1.5
2000/10/24,18.1,6.2,12.1,0,9.1
2000/10/25,15.3,12,13.1,4,0
2000/10/26,15.4,6.7,10.7,0,4.1
2000/10/27,13,5.4,8.8,0,6.5
2000/10/28,15.5,2.8,9.8,0,8.5
2000/10/29,12.1,6.5,8.6,0,0
2000/10/30,13,-0.2,6.2,4,4.4
2000/10/31,14.8,-2.6,6.2,0,9.3
2000/11/1,9.6,7,8.5,14,0
2000/11/2,9.8,8.3,9,29,0
2000/11/3,14.4,4.9,9.7,0,0.3
2000/11/4,14.7,4.1,9.1,1,6.4
2000/11/5,16,4.3,11.2,0,2
2000/11/6,15.8,-0.4,5.8,0,9.1
2000/11/7,18,0,10.9,1,3.9
2000/11/8,14.3,4.1,7.5,0,5.5
2000/11/9,9.7,0.6,4.6,0,3.7
2000/11/10,5.9,2.2,3.9,0,0
2000/11/11,7.8,-2.5,2.5,10,7.8
2000/11/12,5.1,-3.1,1.3,4,0
2000/11/13,8,-0.7,4.6,0,1.6
2000/11/14,9.3,-3.5,3.8,0,4.6
2000/11/15,13.6,0.9,6.8,0,0.8
2000/11/16,6,-1.4,2.3,0,1.3
2000/11/17,3.3,-0.6,1.6,2,0
2000/11/18,9.8,-1.7,3.4,13,3.6
2000/11/19,1.9,-3.5,-0.8,0,0.3
2000/11/20,5.5,-3.1,0.3,30,0
2000/11/21,11.6,2.8,7.7,15,5.8
2000/11/22,4.9,-3,1.5,0,2.9
2000/11/23,6.9,-5.8,0.7,0,8.5
2000/11/24,8.1,-0.1,4.4,0,0.8
2000/11/25,9,1.4,5.7,0,5.8
2000/11/26,14.5,6.1,10.3,0,2.7
2000/11/27,7.7,1.7,5.2,0,0
2000/11/28,3.9,-1.6,1,0,3.9
2000/11/29,4.7,-1.7,1,1,5.5
2000/11/30,3.4,-1.3,1.3,1,0.8
2000/12/1,3.8,-4.4,-1,0,6.6
2000/12/2,6.2,-7.1,-0.3,0,8
2000/12/3,3.9,0.1,2.1,2,0
2000/12/4,2.8,-0.5,0.7,0,2.3
2000/12/5,3.2,-2.2,-0.4,4,0
2000/12/6,-0.6,-5.7,-3.4,0,2.6
2000/12/7,1.6,-11.4,-5.3,0,2.6
2000/12/8,5.3,-7.5,-0.1,0,0
2000/12/9,7.1,1.9,4,0,4.6
2000/12/10,7.4,0.6,3.8,11,0
2000/12/11,-0.1,-6.3,-2.9,0,2.5
2000/12/12,-3.8,-6.4,-4.7,0,2.7
2000/12/13,2.4,-5.3,-1.2,0,6.1
2000/12/14,1.2,-9.1,-3.2,0,2.9
2000/12/15,5.5,-2.2,1.3,4,5.1
2000/12/16,4.1,-2.6,0.5,8,1.5
2000/12/17,2.8,-6.1,-1.9,0,8.1
2000/12/18,2,-7.6,-2.4,0,1.8
2000/12/19,6.9,0.3,3.2,11,0.3
2000/12/20,3.6,0.8,2.2,0,0
2000/12/21,5.2,-1.4,2,1,3.6
2000/12/22,2.1,-1.9,-0.5,0,5
2000/12/23,6.8,-1,2.3,1,2.8
2000/12/24,5.4,-1.8,1.2,3,7.3
2000/12/25,0.1,-4.4,-2.4,3,0.8
2000/12/26,-4.6,-8.3,-6.4,1,1.8
2000/12/27,-0.5,-8.5,-3.6,0,4.3
2000/12/28,1.1,-7.3,-3.3,0,2.9
2000/12/29,-0.5,-7.7,-4.5,0,5.2
2000/12/30,1.2,-12.4,-4.1,0,6.8
2000/12/31,4.5,-0.9,1.8,0,0
2001/1/1,2.6,-3.4,0.1,0,3.5
2001/1/2,-1,-3.2,-1.9,1,0
2001/1/3,-2.2,-4.5,-3.7,0,0
2001/1/4,-0.7,-4.1,-2.6,0,5.1
2001/1/5,0.4,-6.9,-2.9,1,3.1
2001/1/6,-1,-7.1,-4.3,0,3.3
2001/1/7,-0.4,-7.7,-4.4,0,1.1
2001/1/8,-2.4,-6.5,-4,2,0
2001/1/9,-0.8,-14.7,-6,0,2.2
2001/1/10,5.4,-4.4,1,15,2.5
2001/1/11,-1.9,-11.1,-5.9,2,0.6
2001/1/12,-5.8,-8.6,-7.4,0,3.4
2001/1/13,-4.5,-14.4,-8.1,0,6.9
2001/1/14,-4.6,-17.3,-10.5,0,3.1
2001/1/15,-3.7,-12,-8.1,0,2.9
2001/1/16,-3.1,-16.5,-8.6,0,2.3
2001/1/17,-4.3,-18.6,-11.4,1,3
2001/1/18,-4.5,-10.4,-7.2,0,0
2001/1/19,-2,-14.9,-9.5,1,7.2
2001/1/20,-3.3,-16.1,-8.4,0,0.6
2001/1/21,0.1,-5.7,-3,2,0.6
2001/1/22,-0.7,-9.9,-4.1,0,3.5
2001/1/23,-1,-11.2,-6.5,0,5.4
2001/1/24,0.2,-12,-6.1,0,4.8
2001/1/25,0.4,-14.5,-7,0,3.2
2001/1/26,0.3,-7.2,-3.4,0,7.7
2001/1/27,-1.5,-6.2,-3.3,1,0
2001/1/28,4.2,-1.9,0,4,3.4
2001/1/29,0.1,-6,-2.6,0,3
2001/1/30,-1.1,-12.3,-4.8,0,4.2
2001/1/31,-1,-8,-3.4,0,2.5
2001/2/1,0.7,-5,-1.2,2,0
2001/2/2,-2.6,-8,-5.8,0,4
2001/2/3,-4.7,-9.4,-7.3,2,1.4
2001/2/4,-3,-8.8,-5.6,0,8.1
2001/2/5,2,-7.6,-2.2,0,3
2001/2/6,1.5,-7.3,-1.6,0,0.1
2001/2/7,-1,-14.5,-7.1,0,5.3
2001/2/8,-0.5,-8.4,-4.7,1,5.4
2001/2/9,-1.3,-9.9,-5.1,0,6.2
2001/2/10,0.9,-5.5,-2.7,1,1.6
2001/2/11,-4.6,-9.9,-7,0,0.2
2001/2/12,-3.5,-13.7,-7.7,0,6.3
2001/2/13,-2.5,-11.8,-5.8,0,6.4
2001/2/14,-4.2,-15.8,-9,0,3.2
2001/2/15,-2.6,-15,-8.8,0,4.1
2001/2/16,-2.6,-11.5,-6.8,4,0.3
2001/2/17,-0.4,-10.6,-3.9,0,2.2
2001/2/18,6.8,-1.9,2.1,0,4.3
2001/2/19,0.8,-9.3,-2.5,0,1.2
2001/2/20,0.6,-10.7,-5.3,0,7.8
2001/2/21,3.4,-12.4,-3.3,0,6.6
2001/2/22,7.8,-0.5,4.3,0,7.5
2001/2/23,7.2,-1.6,2.5,0,2.3
2001/2/24,0,-4,-2.2,2,0
2001/2/25,-1.5,-7.2,-4.6,1,3.9
2001/2/26,-0.8,-7,-4.1,1,6.2
2001/2/27,6,-11.4,-1.2,0,10.1
2001/2/28,4.2,-1,2.1,4,0
2001/3/1,5,-3.5,0.8,0,2.5
2001/3/2,4,-1.5,0.7,0,3.7
2001/3/3,4.1,-3.1,1.3,0,7.6
2001/3/4,4.9,0.3,2.8,30,0
2001/3/5,0.3,-2.7,-1.5,2,0.6
2001/3/6,1.6,-2.5,-0.8,0,5
2001/3/7,1.1,-5,-2,16,0.4
2001/3/8,0,-8.1,-3.6,0,4.7
2001/3/9,0,-10.5,-5.2,0,8.1
2001/3/10,-0.8,-10.7,-5.4,1,1.2
2001/3/11,-0.8,-14.3,-6.2,0,6.6
2001/3/12,0.8,-8.2,-3.1,0,8.5
2001/3/13,2.3,-5.8,-1.8,1,8.4
2001/3/14,5.7,-5.4,0.6,0,7.7
2001/3/15,6.8,-1.8,2.2,21,3.9
2001/3/16,3.1,-4.8,0.1,0,4
2001/3/17,7.6,0.1,3.4,0,1
2001/3/18,6.3,0.5,3.8,4,0.5
2001/3/19,9.4,4.2,6.8,0,10.8
2001/3/20,12.8,2.3,8.2,0,3.4
2001/3/21,9.6,-1.7,5.9,0,9.8
2001/3/22,11,-4.4,4.3,3,9.6
2001/3/23,9.7,1.1,5.7,2,11.2
2001/3/24,13.1,1.6,7.1,0,10.3
2001/3/25,16.4,-2.1,8.4,0,7.6
2001/3/26,9.9,0.9,6.6,14,0.9
2001/3/27,3.1,-1.1,1.2,0,4.7
2001/3/28,6.8,-2.3,2.1,1,3.7
2001/3/29,6,-4.2,0.9,3,3.8
2001/3/30,5.7,-1.1,0.8,2,1.8
2001/3/31,5.1,-2.9,1.3,0,4.3
2001/4/1,6.6,-3.2,1.7,0,5.8
2001/4/2,11.3,0.5,5.8,0,5.9
2001/4/3,7.7,1.9,5.1,0,6.1
2001/4/4,9.4,-2.7,3.1,0,5.8
2001/4/5,14,-3.7,6.6,0,11.1
2001/4/6,13.3,1.4,8.1,1,9.4
2001/4/7,14.3,0.2,7.3,0,5.8
2001/4/8,16,6.3,11.3,0,5.2
2001/4/9,19.9,9.5,14.6,0,7.1
2001/4/10,22.7,7,14.4,0,6.7
2001/4/11,21.2,11.5,15.8,0,9.4
2001/4/12,21.3,6.3,12.5,3,4.5
2001/4/13,10.3,4.5,7.1,3,2.3
2001/4/14,15.8,7,10.8,2,8.2
2001/4/15,11.3,4.5,8,7,2.6
2001/4/16,14.2,5.1,9.8,0,8.5
2001/4/17,20.8,4.4,12.9,0,11
2001/4/18,23.4,1.8,12.4,0,9.2
2001/4/19,20.7,9.8,17.3,0,5.2
2001/4/20,13.3,-1.5,8.3,0,11.5
2001/4/21,12.1,-4.5,4.3,0,12.1
2001/4/22,13.7,-1.4,4.4,0,8.5
2001/4/23,13,-2.4,7.3,0,10.3
2001/4/24,14.4,4.6,10.6,0,0.7
2001/4/25,15,-1,7.5,0,6.5
2001/4/26,13.6,-0.6,7.4,0,7.3
2001/4/27,17.8,5.7,12.3,0,11
2001/4/28,22.2,1,12.7,0,11.6
2001/4/29,24.8,2.1,13.3,0,6.1
2001/4/30,19.8,2.6,10.5,0,11.5
2001/5/1,14.4,3.3,7.9,0,9.1
2001/5/2,11.7,4.3,7.4,0,2.1
2001/5/3,15,4.8,8.7,0,6.9
2001/5/4,16.1,4.9,9.7,0,9.2
2001/5/5,17.5,6.3,12.4,0,5.9
2001/5/6,19.8,10.3,14.4,0,3.6
2001/5/7,17,12.2,13.8,8,0
2001/5/8,15.6,7.9,12.7,28,0
2001/5/9,10.5,5.5,7.6,17,0
2001/5/10,17.1,5.5,10.8,3,1.2
2001/5/11,11.6,9.3,10.4,2,0.1
2001/5/12,17.3,7.3,13,0,7.3
2001/5/13,22.8,4.3,14.3,0,10.6
2001/5/14,27.1,4.9,16.7,0,12.6
2001/5/15,27.4,7.8,18.7,0,11.3
2001/5/16,16.6,8.3,14.8,9,0
2001/5/17,21.1,6.3,13.7,0,11.5
2001/5/18,24.9,8.4,17,0,11.2
2001/5/19,21.7,10,15.9,0,0
2001/5/20,23,9.7,16.6,0,12.1
2001/5/21,21.5,12,15.8,0,2.5
2001/5/22,19.8,13.6,16.8,0,1
2001/5/23,24.7,16.3,19.8,0,2.1
2001/5/24,20.1,13.8,16.6,0,0
2001/5/25,23.8,13.6,17.4,0,4.9
2001/5/26,18.2,12.9,15.8,4,1.5
2001/5/27,17.4,12,15.1,2,1.1
2001/5/28,22,9.4,15.4,0,9.4
2001/5/29,23.1,9.8,16.8,0,10.4
2001/5/30,23.3,16.3,19.3,0,5.8
2001/5/31,17.6,15.4,16.5,12,0
2001/6/1,18.4,11.4,15.6,5,7.2
2001/6/2,20,14,16.6,0,1.4
2001/6/3,20.3,13.6,16.5,2,5.2
2001/6/4,24.8,9.8,17.8,0,12.8
2001/6/5,25.8,9.6,19,0,9.6
2001/6/6,21.1,15.7,18.1,2,0.2
2001/6/7,16.4,12.4,14.9,14,0
2001/6/8,17.9,12,14.9,0,0.6
2001/6/9,23.7,10.3,17.3,0,9.3
2001/6/10,17.9,14.7,16.4,0,0
2001/6/11,21.3,9.8,16.4,0,5.9
2001/6/12,17.9,7.1,13.8,0,4.7
2001/6/13,23.1,8.3,16.3,0,7.6
2001/6/14,17.1,12.2,14.4,0,0
2001/6/15,15.8,11.7,14,0,0
2001/6/16,24.3,13.6,18.3,0,7.7
2001/6/17,23.7,13.1,18.8,0,6.4
2001/6/18,23,10.2,18,0,3.5
2001/6/19,18.8,14.1,17.4,27,0
2001/6/20,13.3,9.7,11.2,16,0
2001/6/21,21.3,9.6,14.8,0,2.6
2001/6/22,21,12.9,17.1,0,2.5
2001/6/23,23.9,16.4,19.4,0,2.7
2001/6/24,24,14.1,19.5,0,0.2
2001/6/25,23.2,17.8,20.3,0,0
2001/6/26,25,16,20.7,1,0.8
2001/6/27,23,17.5,20.6,16,0
2001/6/28,26.2,17.4,22.3,0,6.7
2001/6/29,25.3,18.3,20.7,45,4.6
2001/6/30,26.9,15.1,21.1,6,4.5
2001/7/1,23.8,14.4,17.9,13,2
2001/7/2,25.3,13.1,19.9,0,6.4
2001/7/3,25,15.9,21.5,8,2.2
2001/7/4,25.2,19.9,22.6,78,0.6
2001/7/5,29,21.8,25,0,1.4
2001/7/6,24.3,15.6,21.1,8,1.2
2001/7/7,25.4,13,19.6,0,13.2
2001/7/8,28.3,15.5,21.6,0,11.9
2001/7/9,29.5,15.2,22.7,0,9.9
2001/7/10,26.4,19.6,22.9,0,3
2001/7/11,28,20.5,24,0,0
2001/7/12,24.1,20.5,22.2,35,0
2001/7/13,25.1,22.3,23.4,12,0.1
2001/7/14,28.1,21.6,24.9,0,3.4
2001/7/15,31.6,19.2,26.1,0,10
2001/7/16,27.4,22.3,24.4,9,0
2001/7/17,28,18.1,22.3,2,0.6
2001/7/18,25.4,17.8,20,1,1.1
2001/7/19,21,17.9,19.4,9,0
2001/7/20,28.8,18.4,22.9,1,3.9
2001/7/21,30,20.2,24.3,0,5.1
2001/7/22,30.5,21.8,25.5,0,2.6
2001/7/23,28.5,23.2,25.8,1,2.4
2001/7/24,29,23.1,25.7,0,3.3
2001/7/25,28.2,20.5,24,0,3.9
2001/7/26,28.4,19.5,22.8,0,6.4
2001/7/27,24.8,16.3,20.1,0,4
2001/7/28,24.3,14,19.2,0,6.5
2001/7/29,22.7,16.5,19.5,0,0.9
2001/7/30,27,17.7,22.1,16,0.9
2001/7/31,24.6,22.1,23.3,18,0
2001/8/1,22.2,18.5,20,35,0
2001/8/2,21.3,17.2,19.1,3,0
2001/8/3,25.4,16.7,20.3,10,1.5
2001/8/4,27,18.5,22,0,3.9
2001/8/5,25.4,16.2,20.3,0,9.2
2001/8/6,25.3,16.5,20.2,0,9
2001/8/7,20,16.6,18.3,0,0
2001/8/8,21.6,16.3,18.8,0,0.9
2001/8/9,21.1,17,19.1,0,0
2001/8/10,24.4,19.7,22.1,1,0
2001/8/11,26.4,19.7,22.5,0,1.2
2001/8/12,25.8,18.7,21.4,0,1.5
2001/8/13,23.5,18.8,21.2,0,0
2001/8/14,29.3,20.8,24.2,0,5.9
2001/8/15,28.2,21.3,24.3,0,8.1
2001/8/16,31.1,21.7,24.9,0,8
2001/8/17,28.8,18.2,23.2,0,11.6
2001/8/18,25.4,12.5,20.1,0,7.5
2001/8/19,24.1,9.2,18,0,12.7
2001/8/20,25.9,17.3,20.9,0,7.7
2001/8/21,26.9,14.7,21.7,0,5.7
2001/8/22,26.1,20.8,23.4,36,0
2001/8/23,28.4,17.4,23.7,0,5.3
2001/8/24,29.1,15.2,22.5,0,10.6
2001/8/25,29.5,19.5,23.4,0,7.8
2001/8/26,26.1,20.6,22.7,0,0
2001/8/27,26,20.3,22.4,6,0
2001/8/28,25.4,18.7,21.3,4,2
2001/8/29,25.7,19.2,21.5,0,4.3
2001/8/30,24.1,19.2,20.8,8,1.3
2001/8/31,20.8,16.3,18.2,14,0
2001/9/1,26.7,14.1,19.8,0,6.3
2001/9/2,25.4,17.4,20.1,0,4.3
2001/9/3,23.3,16.9,19.8,0,0.6
2001/9/4,24.8,16.6,19.7,11,3.6
2001/9/5,23.2,11.2,17.3,0,10
2001/9/6,23.7,9.4,16.9,0,11.3
2001/9/7,20.2,15.9,18.2,1,0.5
2001/9/8,27.7,18.7,23.2,0,7.3
2001/9/9,29.4,20.4,24.6,0,7.8
2001/9/10,27.4,22.5,24.3,6,1.5
2001/9/11,25.7,16.3,21.3,66,0
2001/9/12,20.4,15.9,18.8,2,0
2001/9/13,24.8,17.9,20.7,0,4.5
2001/9/14,22.2,18.6,20.3,3,0.1
2001/9/15,23.3,18.9,20.6,15,0
2001/9/16,22,15.7,19.2,8,0.9
2001/9/17,25.7,16.4,19.9,0,4.7
2001/9/18,22.8,16,19.4,0,0.7
2001/9/19,22.8,13,17.7,1,5.5
2001/9/20,19.5,12.1,15.7,0,0
2001/9/21,16.8,4.1,12.4,0,0
2001/9/22,17.3,1.5,9.1,0,7.9
2001/9/23,19,2.2,10.5,0,10.2
2001/9/24,22.7,5.5,13.5,0,10.9
2001/9/25,23.3,5.9,14.9,0,8.3
2001/9/26,20.9,9.6,14.9,0,2.1
2001/9/27,22.7,11.8,16.7,0,4.9
2001/9/28,20.1,5.1,13.3,0,5.3
2001/9/29,18.3,2.3,9.9,0,7.9
2001/9/30,20.1,7.1,13.3,0,8.9
2001/10/1,16.4,11.9,14.2,28,0
2001/10/2,18.4,14,15.3,18,0.1
2001/10/3,18.2,8.4,14.2,0,6.4
2001/10/4,17.9,4.7,12.4,0,8.2
2001/10/5,15.2,12,13.8,7,0
2001/10/6,20.4,11.9,15.3,0,3.1
2001/10/7,20.6,7.6,14.2,0,7.1
2001/10/8,18.1,9,12.2,0,2.6
2001/10/9,19,8,12.6,0,5.6
2001/10/10,11.9,7.3,10.1,4,0
2001/10/11,19.6,11.8,15.4,1,1.8
2001/10/12,18.8,12.6,15.3,2,2.8
2001/10/13,19.9,12.1,15.1,0,4.1
2001/10/14,19.6,6,13.6,1,7.4
2001/10/15,17.3,2.5,9.8,0,8.6
2001/10/16,17.5,10.2,13.7,1,3.5
2001/10/17,16.2,7.7,13.2,0,0.3
2001/10/18,14.8,1,8,1,9.8
2001/10/19,15.4,-1.3,5.7,0,9.7
2001/10/20,16.6,-1.3,6.7,0,9.8
2001/10/21,17.1,1.8,8.2,0,3.4
2001/10/22,19,2.3,10.8,0,5
2001/10/23,17.3,9.4,13.3,0,0.5
2001/10/24,17.4,7.4,11.3,1,3
2001/10/25,17.9,2.6,9.9,0,6.4
2001/10/26,14.8,-0.3,6.5,0,6.9
2001/10/27,16.5,2.7,8.3,0,4.5
2001/10/28,13.6,3.1,9,10,0.3
2001/10/29,12.2,5.4,9.5,3,0.3
2001/10/30,14.5,0.4,5.9,0,7.3
2001/10/31,16,-0.7,7.1,0,6.6
2001/11/1,14.6,2.5,9.2,4,2.2
2001/11/2,14.6,0.8,8.8,0,5.4
2001/11/3,11.8,-1,6.4,1,2
2001/11/4,7.2,-1.9,4.5,0,0.5
2001/11/5,11,-2.1,5.4,5,1
2001/11/6,13.2,5,9.9,22,0
2001/11/7,8.8,-2.2,4,0,5
2001/11/8,11.1,-4,2.9,0,8.8
2001/11/9,9.5,-0.9,4.9,0,0
2001/11/10,10.8,-1.9,3.9,0,8.3
2001/11/11,11.6,-4.5,2.2,0,8.8
2001/11/12,8.9,-1.4,3.6,0,1.3
2001/11/13,6.4,0.6,3.6,0,5
2001/11/14,6.2,1,3.3,1,2.2
2001/11/15,7.5,0.5,4.5,0,2.5
2001/11/16,9.9,0.4,4.8,1,2.6
2001/11/17,8.4,1.2,4.8,3,0.8
2001/11/18,8.8,2,5,0,2.7
2001/11/19,10.1,-2.7,3.2,0,8.6
2001/11/20,12.2,-5,1.9,0,7.7
2001/11/21,12.5,-0.6,6.1,0,2.7
2001/11/22,15.9,-0.2,7.9,0,8.7
2001/11/23,12.6,-1.9,4,0,2.3
2001/11/24,14.4,-1.4,6.4,0,2.6
2001/11/25,15.3,2.8,7.9,1,2.5
2001/11/26,5.5,-0.4,2.9,1,4.2
2001/11/27,2.4,-1.7,0.4,0,3.9
2001/11/28,6,-0.2,2.3,0,1
2001/11/29,6.2,0.1,1.8,4,1.9
2001/11/30,10.7,-0.3,2.7,7,5.5
2001/12/1,5.4,-0.7,1.9,1,6.8
2001/12/2,3.8,-5.3,0,3,5.8
2001/12/3,5.8,-7.1,-0.4,3,0.8
2001/12/4,4.4,-2.9,0.2,0,5
2001/12/5,4,-3.2,0.5,0,5.4
2001/12/6,-0.1,-2.5,-0.9,7,0
2001/12/7,0.4,-2.5,-1.1,0,0.6
2001/12/8,2,-5.3,-1.6,0,4.4
2001/12/9,0.9,-4.7,-1.7,0,3.2
2001/12/10,0.6,-6.3,-2.2,0,1
2001/12/11,2,-10.8,-3.8,0,5.2
2001/12/12,2.1,-7.1,-2.2,0,2.3
2001/12/13,3.4,-7.5,-0.7,5,0
2001/12/14,0.8,-4.1,-2.7,1,0
2001/12/15,-1.8,-4.7,-3.3,0,2.9
2001/12/16,0.4,-4.8,-2.1,0,5.8
2001/12/17,-1.6,-4.4,-3,0,0
2001/12/18,0.4,-4.8,-2.4,0,5
2001/12/19,0,-5.7,-2.4,0,3.3
2001/12/20,0.8,-4.2,-2.1,0,3.2
2001/12/21,0.4,-3.2,-1.7,0,0
2001/12/22,0.6,-6,-1.6,11,0
2001/12/23,-0.2,-9.5,-4.2,0,1.9
2001/12/24,2.7,-5,-1.1,0,3.8
2001/12/25,2.5,-12,-6.2,0,8.2
2001/12/26,2.9,-13.6,-5,0,4.7
2001/12/27,1.1,-7.1,-2.5,0,3.9
2001/12/28,0,-4.8,-2.2,0,6
2001/12/29,1.4,-3.9,-1.4,0,7.6
2001/12/30,1.3,-3.4,-1.1,2,0.2
2001/12/31,-1.7,-7.4,-4,0,3.9
2002/1/1,-1.1,-10.2,-5.1,6,0
2002/1/2,-0.9,-11,-6.6,0,6.7
2002/1/3,-1.5,-10,-6,0,4.7
2002/1/4,1.2,-6.5,-2.1,0,5.2
2002/1/5,-0.2,-3.3,-1.8,0,0
2002/1/6,1.9,-11.6,-4.3,0,4.6
2002/1/7,0.8,-16,-6.2,0,6
2002/1/8,4.1,-0.6,1.7,6,1.8
2002/1/9,0.3,-2.1,-1.1,6,0
2002/1/10,3.4,-1.3,0.6,0,5
2002/1/11,2.8,-0.8,1.1,0,1.7
2002/1/12,4.4,-0.7,0.6,0,2.1
2002/1/13,3,-11.3,-2.5,0,4.3
2002/1/14,1.2,-14,-5.3,0,8.5
2002/1/15,7.2,-3.2,1.8,0,0.6
2002/1/16,2.1,-1.6,0.4,2,0
2002/1/17,2.4,-7.6,-2.8,0,2.3
2002/1/18,2.1,-5.9,-2.1,0,3.6
2002/1/19,0.6,-10.8,-3.6,0,8
2002/1/20,1.6,-13.9,-5.1,0,8.7
2002/1/21,5.8,0.1,2,25,0
2002/1/22,5.8,0.3,3,4,2.7
2002/1/23,1.9,-1.3,0,2,1.2
2002/1/24,1.8,-3.2,-0.8,0,4.1
2002/1/25,0,-5.1,-2.7,0,2.3
2002/1/26,2.1,-11.6,-4.3,0,7.5
2002/1/27,2.9,-2.5,-0.5,12,0
2002/1/28,2.8,-7.6,-0.2,1,1.1
2002/1/29,-0.9,-13.4,-7.5,0,4
2002/1/30,0.2,-14.2,-6.1,4,6.5
2002/1/31,1.1,-9.5,-3.5,3,3.9
2002/2/1,1.2,-10.5,-4.9,0,5.1
2002/2/2,3.1,-6.7,-0.4,1,2.8
2002/2/3,5.2,-7.6,-1.3,0,8
2002/2/4,4.5,-13.5,-5.4,0,9.1
2002/2/5,3.4,-9.9,-2.5,0,4.2
2002/2/6,8.1,-2.6,1.2,0,8.4
2002/2/7,5,-3.4,1.6,0,0.5
2002/2/8,5.5,0.2,3.3,11,5.3
2002/2/9,0.9,-7.7,-2.9,0,5.2
2002/2/10,-0.5,-7.2,-4.2,0,8.4
2002/2/11,-2.9,-6.5,-4.8,3,0.7
2002/2/12,-4.5,-14.3,-7.9,0,0.5
2002/2/13,-0.1,-17.8,-9.9,0,8.3
2002/2/14,0.1,-16.7,-7.4,0,5.4
2002/2/15,0,-13.4,-6.4,0,4.6
2002/2/16,3.8,-9.9,-3.3,0,9
2002/2/17,5.1,-3.3,1.5,0,4
2002/2/18,3.5,-4.7,-0.6,1,0.7
2002/2/19,3.6,-4.9,-0.2,0,6.9
2002/2/20,4.3,-1.4,2.2,0,4.9
2002/2/21,7.2,-4.2,2.5,0,9.1
2002/2/22,6.7,-0.2,2.8,2,2.1
2002/2/23,4.3,-2.5,1.7,0,5.9
2002/2/24,2.7,-3.9,-0.9,0,5.9
2002/2/25,4.4,-7.9,-0.6,0,5.7
2002/2/26,8.6,-3.7,1.7,0,9.1
2002/2/27,9,-6.9,0.6,0,9.3
2002/2/28,7.1,-2.8,1.3,0,0.2
2002/3/1,9,-5.5,1.2,0,7.4
2002/3/2,3.4,-5.9,-2.4,0,3.9
2002/3/3,0.4,-6.3,-3.2,0,6.7
2002/3/4,1.2,-3.7,-0.7,0,2.3
2002/3/5,6.6,-6.6,1,0,6
2002/3/6,1.5,-0.6,0.4,26,0
2002/3/7,1.7,-3,-0.4,10,0.6
2002/3/8,1.7,-4.2,-1.4,0,2.1
2002/3/9,7,-5.7,2.5,0,0.3
2002/3/10,9.4,-1.5,5.4,0,1.2
2002/3/11,5.4,-3.7,1.2,1,5.5
2002/3/12,6.9,-1.9,1.8,2,5.8
2002/3/13,7.9,-5.5,2.7,0,9.1
2002/3/14,13,1.1,7.5,0,8.8
2002/3/15,8.7,4.7,7,8,0
2002/3/16,7.4,-0.9,4,1,10
2002/3/17,8.1,1.2,4.3,11,0
2002/3/18,10.2,2,5.5,1,6.8
2002/3/19,7.3,0.3,3.3,12,3.9
2002/3/20,8.8,0.2,4.6,1,8.9
2002/3/21,13.7,0.5,7,5,6.7
2002/3/22,8.6,3.7,6.8,0,2
2002/3/23,5.7,0.1,2.6,4,1.4
2002/3/24,5.9,-0.4,1.8,0,4.8
2002/3/25,8.9,-1.2,3,0,9.2
2002/3/26,13.3,-0.6,7.2,0,9.4
2002/3/27,8.7,0.9,5.8,4,0
2002/3/28,7.1,-2.6,2.7,0,8.7
2002/3/29,11.5,-1.5,5.7,10,0.8
2002/3/30,12.6,3.6,8.1,17,4.6
2002/3/31,8.3,1.7,5.2,1,0
2002/4/1,14.3,0.2,7.7,0,7.8
2002/4/2,19,6.3,12.8,0,11.1
2002/4/3,17.3,1.8,7.9,3,5.3
2002/4/4,9.3,1.7,4.8,1,3.5
2002/4/5,11.8,0.6,5.8,0,10.5
2002/4/6,16,-1.4,7.9,0,7.1
2002/4/7,8.2,4.5,6.5,0,0.1
2002/4/8,19.4,7.2,13.2,0,0.8
2002/4/9,13.8,3.3,7.2,10,0
2002/4/10,11.3,0.8,5.6,0,4.8
2002/4/11,12.3,2.6,7.3,0,4
2002/4/12,8.1,0.8,5.4,12,0
2002/4/13,13.2,-0.9,5.9,6,5.1
2002/4/14,14.4,5.9,10.5,0,5.9
2002/4/15,22.8,6.9,14.2,0,2.7
2002/4/16,20.6,11,16.3,0,0
2002/4/17,17.8,8.1,14.4,10,0
2002/4/18,12.7,6.6,9.1,0,6.9
2002/4/19,16.6,2.9,10.2,0,11.2
2002/4/20,19.2,0.7,10.5,0,10.2
2002/4/21,18.8,10.3,14,0,7.2
2002/4/22,19.7,9.7,14.4,0,8.1
2002/4/23,20.5,7.6,13.6,0,9.7
2002/4/24,21.3,8.2,14.3,0,5.8
2002/4/25,14.3,1.6,10.5,0,7.2
2002/4/26,16,-0.6,7.7,0,11.2
2002/4/27,17.1,-2.2,8.6,0,10.8
2002/4/28,19.1,0.5,9.8,0,9.2
2002/4/29,20.4,-0.9,11.3,0,11.9
2002/4/30,13.6,8.6,10.4,4,0
2002/5/1,20.5,2.9,12.6,0,10.7
2002/5/2,21.9,-0.9,11.4,0,11.4
2002/5/3,23.4,2.9,14.2,0,10
2002/5/4,19,12.6,15.6,3,0.1
2002/5/5,18.2,5.5,13.8,0,8.7
2002/5/6,18.5,3.2,11,0,7.9
2002/5/7,14.7,5.5,11.1,4,1.6
2002/5/8,15.4,8.7,10.7,15,0
2002/5/9,21.4,8.1,14,0,11.8
2002/5/10,17,5.3,12.1,0,8.5
2002/5/11,11.2,7.9,9.6,6,0
2002/5/12,12.7,7.8,9.8,0,0.6
2002/5/13,14.4,7.9,10.9,6,0
2002/5/14,17.7,7.3,12.5,0,4.2
2002/5/15,19.1,5.2,12.2,0,11.6
2002/5/16,20.7,3.7,12.5,0,12.4
2002/5/17,11.3,4.1,8.5,0,0
2002/5/18,13.2,8.9,11.4,15,0
2002/5/19,14.7,8.3,11.2,0,0
2002/5/20,18.2,8.2,12.1,1,3.3
2002/5/21,14.1,9.3,11.9,4,0
2002/5/22,21.9,10.3,15.4,0,8.3
2002/5/23,20.3,9.7,14.5,1,3.1
2002/5/24,20.2,7.8,14.1,2,5.9
2002/5/25,14.3,9.7,11.8,1,0.5
2002/5/26,17.3,7.2,11.9,0,3.5
2002/5/27,21.6,4.3,13.2,1,9.5
2002/5/28,21.3,6.4,13.8,0,12.1
2002/5/29,23.4,5.2,15.3,0,10.5
2002/5/30,25,8.2,16.8,3,7.6
2002/5/31,21.9,14.8,17.8,41,1.7
2002/6/1,24.2,14.8,19,3,8.7
2002/6/2,18.5,11.8,15.8,13,2.5
2002/6/3,21.1,8.7,15.7,0,9
2002/6/4,24.6,10.8,17.9,0,8
2002/6/5,20,10.3,15.2,0,2
2002/6/6,26.2,9.9,18.3,0,11
2002/6/7,28.5,11.9,20.6,0,11.2
2002/6/8,28.6,13.2,22.1,0,9.7
2002/6/9,22.9,11.2,17.6,0,6.7
2002/6/10,24.6,8.9,17.4,0,7.4
2002/6/11,18.4,12.4,14.6,3,0
2002/6/12,19.2,13.4,15.9,0,0
2002/6/13,19.1,13.5,16.1,0,0.8
2002/6/14,22.4,15,18.3,1,1.4
2002/6/15,19.9,14.4,16.8,16,0
2002/6/16,26.2,16,19.5,0,6.7
2002/6/17,22.5,13,19.1,0,2.7
2002/6/18,22.8,10.6,16.8,1,2.9
2002/6/19,24.8,13,18.2,0,5.5
2002/6/20,22,11.1,18.2,0,2.2
2002/6/21,17.2,12.1,15.5,34,0
2002/6/22,14.8,9.6,12.1,2,0
2002/6/23,14.7,8.3,11.8,0,1
2002/6/24,14.1,9.2,12.1,0,0.3
2002/6/25,17.9,10.5,13.8,0,1.7
2002/6/26,21.1,11.9,15.9,0,6.3
2002/6/27,19.2,12.6,15.8,0,6.7
2002/6/28,25.9,14,19.4,0,8.4
2002/6/29,23.1,15.9,18.8,0,8.3
2002/6/30,23.4,16,20,0,8.4
2002/7/1,22.6,18.1,19.9,0,0.4
2002/7/2,19.9,17.8,18.9,7,0
2002/7/3,22.6,17.3,19.3,9,0
2002/7/4,26.3,17.8,21.3,0,3.6
2002/7/5,27.4,18.3,22.3,0,0.7
2002/7/6,23.5,20.3,21.6,6,0
2002/7/7,28,19.7,23,5,1.7
2002/7/8,26.3,19,22.3,0,0.1
2002/7/9,27.6,18.8,22.6,0,1.4
2002/7/10,19.5,14.4,17.7,35,0
2002/7/11,19.4,14.1,16.5,146,0.1
2002/7/12,23.2,17.7,20.5,0,4.9
2002/7/13,28,18.5,23.4,5,0.7
2002/7/14,22.9,21.2,22,28,0
2002/7/15,21.9,20.4,21.3,4,0
2002/7/16,22.6,18.8,20.2,35,0
2002/7/17,26.9,19.4,22.8,0,0.8
2002/7/18,30.9,18.4,25.1,0,9.4
2002/7/19,25.5,21.2,23.2,3,0.1
2002/7/20,27.4,22.7,24.4,7,0.1
2002/7/21,29.6,22,25.3,5,5.7
2002/7/22,25.4,21.3,23.4,8,0.3
2002/7/23,29.5,19.5,23.7,0,0.9
2002/7/24,28.2,20.6,24,0,2.8
2002/7/25,29.3,20.5,24.7,0,7.9
2002/7/26,30.6,23.6,27,0,4.8
2002/7/27,31.7,20.6,26.2,0,11.1
2002/7/28,28.3,19.7,23.2,0,7.2
2002/7/29,26.6,18.4,22.4,0,6.9
2002/7/30,29.2,17.4,23.5,0,2.8
2002/7/31,28.7,19.7,24.8,0,4.1
2002/8/1,28.7,23.2,25.6,6,2.5
2002/8/2,28.2,20.6,23.5,5,2.9
2002/8/3,22.5,19.8,21,0,0.4
2002/8/4,26.7,19.7,22.2,36,5.4
2002/8/5,27.8,20.9,24.3,1,1.1
2002/8/6,26.7,22.9,24,36,0
2002/8/7,30.5,22.4,25.7,0,5.9
2002/8/8,29.4,21.4,25.6,0,3.9
2002/8/9,28.3,21.8,24.9,0,1.1
2002/8/10,28.3,23.5,25.2,10,0.6
2002/8/11,22.7,16.3,19,32,0
2002/8/12,20.2,16,18.1,104,0
2002/8/13,26.6,19.7,22.3,6,1.3
2002/8/14,22.2,19.6,20.7,8,0
2002/8/15,21.3,18.6,19.9,26,0
2002/8/16,24.9,18.4,21.2,2,0.6
2002/8/17,21.5,18.6,19.8,11,0
2002/8/18,24.5,18.9,20.9,0,0
2002/8/19,21.8,18.7,19.7,59,0
2002/8/20,21,15.7,18.3,7,0.4
2002/8/21,22.6,14.4,17.9,0,4.9
2002/8/22,23.8,12.4,17.7,0,11.2
2002/8/23,20.8,12.4,17.3,0,1.1
2002/8/24,21.8,17.9,20,17,0.1
2002/8/25,24.6,14.1,20.3,0,7.6
2002/8/26,26.1,11.7,19.7,0,11.2
2002/8/27,28.1,18.1,23.3,0,5.6
2002/8/28,28.8,22.5,25.2,0,7
2002/8/29,27.1,21.9,24.1,1,0.3
2002/8/30,31,20,24.1,0,7.1
2002/8/31,26.9,21.6,23.9,0,5.1
2002/9/1,28.7,22.2,25.1,0,9.4
2002/9/2,29.8,21.8,25,0,10.1
2002/9/3,29.2,18.6,23.8,0,10.2
2002/9/4,27.3,16.7,21.3,0,5.1
2002/9/5,22.1,15.7,18.9,0,0
2002/9/6,23.8,18.9,21.1,0,0
2002/9/7,21.4,17.8,19.8,4,0
2002/9/8,28,17,21.1,0,9.1
2002/9/9,26.7,17.8,21.4,0,5.3
2002/9/10,25.9,15.6,20.7,0,10.6
2002/9/11,26.8,16.3,21.5,0,8.4
2002/9/12,23.5,14.2,18.3,1,1.3
2002/9/13,21.1,14.1,16.9,2,3.6
2002/9/14,22.7,11.8,16.8,0,7.1
2002/9/15,20.1,11.6,15.8,0,1.6
2002/9/16,19.2,10.1,14.6,6,1.1
2002/9/17,17.4,13.5,15.6,20,0
2002/9/18,21.8,11,16.2,3,4.3
2002/9/19,23.7,8.5,15.5,0,9.8
2002/9/20,23.2,10,16.1,0,8.6
2002/9/21,23.6,11.8,16.9,0,6.2
2002/9/22,19.6,13.4,15.4,0,0
2002/9/23,16.5,9.1,13.5,1,1.5
2002/9/24,15.6,7.6,11,3,3.6
2002/9/25,20.1,6.4,12.2,0,5.4
2002/9/26,19.4,3.5,11.8,0,10
2002/9/27,19.4,10.1,14,0,3.8
2002/9/28,17.3,12.8,15.7,27,0
2002/9/29,20.6,12.8,17.5,0,1
2002/9/30,20.1,11.7,15.9,0,0.8
2002/10/1,18.6,15.1,17.1,41,0
2002/10/2,23,16.3,19.9,10,4.2
2002/10/3,24.5,13.1,18.1,0,8.8
2002/10/4,18.8,8.4,14.1,7,2.1
2002/10/5,21.3,6.9,13.4,0,8.9
2002/10/6,18.1,9.6,14.9,0,0
2002/10/7,19.5,15.3,17.4,11,1.5
2002/10/8,17.5,12.5,14.5,1,0.1
2002/10/9,18.3,10.6,13.7,0,2.2
2002/10/10,14.7,4.4,10.5,2,1.3
2002/10/11,17.8,2.7,9.4,0,9.3
2002/10/12,19,4.7,11.1,0,7.2
2002/10/13,19.8,7.8,13.3,0,7
2002/10/14,22.1,5.4,12.6,0,9.1
2002/10/15,20.3,3.3,12.1,20,6.7
2002/10/16,19.3,11.5,14.6,6,2.9
2002/10/17,20.7,7.8,13.5,0,9.5
2002/10/18,19.6,7.3,13.3,0,7.1
2002/10/19,15.1,10.4,12.2,0,0
2002/10/20,10.7,9.2,9.9,0,0
2002/10/21,10.2,8.6,9.4,17,0
2002/10/22,12.5,8.5,9.8,14,1.2
2002/10/23,12.4,5.5,9.1,0,3
2002/10/24,12.5,0.3,6.5,0,3.5
2002/10/25,14.5,2.1,8,1,2.2
2002/10/26,16.3,6.6,10.5,11,4.4
2002/10/27,11.9,4.7,8.8,13,2.8
2002/10/28,4.4,0.4,2.9,24,0
2002/10/29,9.9,1.5,5.3,1,2.7
2002/10/30,6.8,3.2,4.8,0,0.2
2002/10/31,10.7,0,5.4,0,9
2002/11/1,10.1,3.8,6.9,4,0
2002/11/2,6.3,1.2,4.1,0,4.2
2002/11/3,9.8,2.5,5.6,0,6.4
2002/11/4,8.6,-1.7,3.4,0,5.6
2002/11/5,5.8,-2,1.8,0,2
2002/11/6,9.4,-3.3,1.8,0,7.1
2002/11/7,6.2,-3.2,2.2,0,1.7
2002/11/8,7.5,3.6,5.6,9,0.2
2002/11/9,5.2,-2.8,1.3,5,2.4
2002/11/10,4.1,-3.7,0.8,2,2.3
2002/11/11,7.4,1.9,4.6,3,0.2
2002/11/12,12.4,3.7,7.8,9,2.4
2002/11/13,2.9,-1.6,0.4,7,0
2002/11/14,-0.1,-4.3,-1.2,4,0
2002/11/15,2.2,-6.7,-1.8,9,2.4
2002/11/16,3,-8.4,-3.4,0,5.3
2002/11/17,4.7,-8.6,-1.1,0,7.5
2002/11/18,6.3,0.2,3.4,2,0
2002/11/19,6.3,-2.6,2.2,0,7.3
2002/11/20,4.6,-2.4,2.2,5,0.5
2002/11/21,6.1,-3.1,2.4,5,1.6
2002/11/22,3.2,-5.7,-2.1,0,7.1
2002/11/23,6,-7.8,-2.1,0,8.5
2002/11/24,8.9,-5.5,0.1,0,8.1
2002/11/25,4.4,-2.9,1.7,28,0
2002/11/26,6.2,2,4.3,22,0.1
2002/11/27,5.5,-0.8,1.8,0,1.2
2002/11/28,5.6,-0.3,2.7,0,2.2
2002/11/29,6.7,2.2,3.8,2,2.1
2002/11/30,7.3,-3.6,2.9,0,0.4
2002/12/1,7.1,-5.9,-0.8,0,8.5
2002/12/2,8.2,-5.6,0,0,7.8
2002/12/3,6.4,-6.9,0.7,0,5.7
2002/12/4,8.4,-1.5,3.8,3,0
2002/12/5,12.5,-2.1,5.2,0,3
2002/12/6,2.4,-4,-0.3,0,6.7
2002/12/7,3.4,-2.4,0.1,0,0.4
2002/12/8,-1,-6.3,-3.3,0,1.2
2002/12/9,-0.5,-6.6,-3.4,0,1.8
2002/12/10,-1.1,-5.4,-3.4,0,1.3
2002/12/11,-0.2,-9.3,-3.5,0,5.7
2002/12/12,0.7,-7.7,-3.1,0,1.7
2002/12/13,0.4,-10.7,-5.6,0,4.5
2002/12/14,4,-11.5,-2.8,0,3.1
2002/12/15,8.4,1.5,5.1,0,2.4
2002/12/16,5.6,0.7,3.2,3,0.5
2002/12/17,8.6,-1.2,3.4,10,0.8
2002/12/18,3.8,-3,1.3,2,0.2
2002/12/19,3.2,-3.1,1,0,3.3
2002/12/20,1.4,-2.8,-1,0,6.7
2002/12/21,1.9,-4.3,-0.9,0,0
2002/12/22,2.6,-7.4,-3.1,0,8.1
2002/12/23,1.5,-9,-3.7,0,1.3
2002/12/24,3,-6.3,-1.9,1,5.1
2002/12/25,0.6,-4.7,-2.1,4,2.1
2002/12/26,-2.4,-6.9,-4.7,1,4.9
2002/12/27,-6.1,-10.5,-8.6,1,0.2
2002/12/28,-0.3,-9.6,-3.6,1,1.5
2002/12/29,-0.8,-6.3,-4,0,6.4
2002/12/30,-0.2,-10.1,-3.2,0,0.4
2002/12/31,-1.3,-15.5,-8.3,0,8.1
2003/1/1,-1.1,-19.4,-10.7,0,5.2
2003/1/2,-2.3,-14.2,-8.1,0,3.1
2003/1/3,-0.9,-15.5,-6.7,6,4.1
2003/1/4,2.3,-8,-1,13,0.4
2003/1/5,-3.9,-9,-6,0,0.2
2003/1/6,-1.1,-8.2,-4.1,0,3
2003/1/7,1,-7,-2.1,0,6.4
2003/1/8,2.1,-11.6,-4.5,0,6.3
2003/1/9,2.3,-11.3,-2.9,0,5.3
2003/1/10,3.8,-5.7,0.3,0,7.3
2003/1/11,1.1,-8.5,-3.5,0,3
2003/1/12,0.9,-11.1,-3.2,0,1.7
2003/1/13,3.1,-12.6,-2.2,1,0
2003/1/14,2.8,-1.6,0.6,6,0
2003/1/15,-1.7,-15,-6.7,0,4
2003/1/16,0.3,-15.8,-5.8,1,1.1
2003/1/17,4.4,-3,1.3,0,2.3
2003/1/18,1,-9.7,-3.1,0,8.3
2003/1/19,2.3,-6.8,-1.5,0,6.2
2003/1/20,0.1,-11.7,-5.8,0,3.6
2003/1/21,-1.6,-12.4,-7.1,0,2
2003/1/22,-0.2,-12.4,-5.3,0,1.8
2003/1/23,-0.2,-11.8,-4.8,7,0.1
2003/1/24,1.3,-4.1,-1.4,1,1.9
2003/1/25,1.7,-3.7,-1.5,1,2.3
2003/1/26,2,-9,-2.6,0,6.4
2003/1/27,1.2,-8.6,-0.8,20,0
2003/1/28,4.7,-1.1,1.4,1,0.5
2003/1/29,-1,-7.4,-4.2,4,0
2003/1/30,-2.5,-8.1,-4.7,0,0
2003/1/31,-1.6,-6.1,-3.6,0,1
2003/2/1,0.7,-11.7,-4.5,0,3.6
2003/2/2,1.9,-12.3,-3.9,0,5
2003/2/3,1.3,-12.5,-4.5,0,5.7
2003/2/4,0.9,-7.9,-3.3,0,6.1
2003/2/5,0.1,-15,-7,0,6.6
2003/2/6,0,-15.2,-6.6,0,5.2
2003/2/7,1,-8.2,-1.6,0,0.1
2003/2/8,3.8,-3.1,1.1,1,1.3
2003/2/9,8.6,0.4,3.4,2,3.9
2003/2/10,6.5,-1.7,1.9,0,1.8
2003/2/11,0.6,-2.3,-0.7,2,0
2003/2/12,-0.3,-5.8,-3.5,0,3.5
2003/2/13,-0.6,-5.4,-3.2,0,4.9
2003/2/14,1.3,-4.5,-1.6,0,5.5
2003/2/15,3.9,-5.7,-0.4,0,7.3
2003/2/16,4.7,-7.3,-1.5,0,4.9
2003/2/17,3.1,-2.9,-0.6,0,5.6
2003/2/18,2.5,-7.3,-2.3,0,6.6
2003/2/19,3.3,-11.1,-3.5,0,8.9
2003/2/20,4.2,-2.6,0.4,10,2.2
2003/2/21,1.8,-5,-1.8,0,4.4
2003/2/22,2.1,-5,-1.4,1,4.9
2003/2/23,0.2,-8.7,-3,0,4.1
2003/2/24,1,-12.5,-5.1,0,5.3
2003/2/25,2.5,-12.5,-4.1,0,6.4
2003/2/26,1.8,-3.4,-0.8,10,3
2003/2/27,-0.4,-6.5,-3.2,0,4.8
2003/2/28,4.9,-13.2,-2.9,0,10.1
2003/3/1,5,-4.9,0.1,14,3.2
2003/3/2,6,-0.3,1.9,14,6
2003/3/3,4,-2.3,1.3,3,0
2003/3/4,-0.3,-6.5,-3.1,0,3.2
2003/3/5,1.8,-10,-3,0,7.3
2003/3/6,3.7,-8.3,-0.9,0,5.7
2003/3/7,1.5,-0.7,0.5,14,0
2003/3/8,0.8,-2.6,-1.1,4,0
2003/3/9,0.3,-6.7,-2.9,0,4.4
2003/3/10,-1.5,-11.7,-5.5,0,8
2003/3/11,0,-16,-6,0,8.5
2003/3/12,2.5,-9.4,-2.7,0,8.9
2003/3/13,3,-8.6,-1.3,0,8.4
2003/3/14,4.3,-9.2,-0.9,0,6.2
2003/3/15,5.2,-2.8,1.2,0,2.7
2003/3/16,7.5,-7.2,0.9,0,9.6
2003/3/17,5.1,-3.5,0.6,0,8.6
2003/3/18,4.3,-6.2,-0.3,0,6.7
2003/3/19,2.9,-7.2,-1.1,0,3.1
2003/3/20,3.2,-6.9,-1.1,0,3.8
2003/3/21,4.2,-10.1,-2.2,0,6.7
2003/3/22,8.5,-8.7,-0.2,0,11.2
2003/3/23,8.3,-7.9,0.5,0,11
2003/3/24,10.9,-3.4,3.1,0,4.5
2003/3/25,13.3,-3.7,4.4,0,9.3
2003/3/26,12.1,-4,4.5,0,8.7
2003/3/27,10.3,1.9,6,0,1.4
2003/3/28,6.3,2.7,4.3,1,3.8
2003/3/29,7.1,-0.6,3.1,0,5
2003/3/30,8.7,-0.9,4.1,0,3.7
2003/3/31,7.8,0.8,3.8,2,0.8
2003/4/1,12,0.1,5.2,0,11.1
2003/4/2,9.6,-1.3,3.9,0,0
2003/4/3,13.2,-3,4.9,0,11
2003/4/4,12.3,-2.4,5.6,0,8.4
2003/4/5,6.9,-0.1,3.6,0,0
2003/4/6,10.5,-0.1,4.8,0,6.6
2003/4/7,14.5,-2.3,7.9,0,10.7
2003/4/8,14,5.1,9.6,11,1
2003/4/9,10.6,1,6.3,1,3.8
2003/4/10,10.7,-2,5,0,11.6
2003/4/11,13.3,-1.5,7.1,0,6.5
2003/4/12,10.8,5.7,8.5,3,0
2003/4/13,16.3,6.9,11.2,6,9.9
2003/4/14,15.3,2,9.3,0,2.8
2003/4/15,17.2,-1,8.9,0,11.6
2003/4/16,19.3,1.4,11.1,0,10.8
2003/4/17,22,7.2,13.7,0,7.2
2003/4/18,19.7,11.5,15.1,0,10.1
2003/4/19,15.1,8.6,12,1,0.7
2003/4/20,9.4,4.7,6.9,12,0
2003/4/21,8.8,1.6,4.4,5,0.2
2003/4/22,15.1,-1.1,7.8,0,10.8
2003/4/23,9.5,4.9,7.2,8,0
2003/4/24,19.6,7.6,12.4,0,8.3
2003/4/25,15.6,4.5,10.1,8,0
2003/4/26,11.4,4.6,8.5,8,0.5
2003/4/27,17.1,3,10,0,9.9
2003/4/28,22.2,2.2,12.7,0,8.7
2003/4/29,23.4,5.7,14.8,1,2.2
2003/4/30,15,4.7,10.6,37,0
2003/5/1,13.8,0.9,7.8,1,9.5
2003/5/2,22.3,4.8,14.1,0,12.2
2003/5/3,25.6,5.5,17,0,12.3
2003/5/4,20.7,9.8,16.2,0,7
2003/5/5,22.4,6.9,14.9,0,8.2
2003/5/6,21.5,10.6,15.4,0,5.9
2003/5/7,21.2,12.8,16.7,0,0
2003/5/8,17.6,3.7,12.2,8,0.7
2003/5/9,14.6,-0.4,7.9,0,11
2003/5/10,18.1,1,9.5,0,8
2003/5/11,18.7,0.5,11.2,0,9.9
2003/5/12,14.8,12,13.1,0,0.7
2003/5/13,21.9,11.7,16.2,0,3.7
2003/5/14,25.3,12.7,18.7,0,9.7
2003/5/15,20.8,10.4,15.3,0,1
2003/5/16,14.4,8,9.8,4,0
2003/5/17,19.3,8,13.2,0,5.1
2003/5/18,19.6,10.3,14.8,0,11
2003/5/19,17.5,12.7,14.9,1,0
2003/5/20,23.1,12,16.5,0,8.1
2003/5/21,24.1,8.7,15.1,0,6.5
2003/5/22,19.4,7.8,13.9,0,0
2003/5/23,21.2,11.3,15.2,0,6.1
2003/5/24,18.3,6.9,13.5,0,4.1
2003/5/25,18.9,11.2,14.5,0,5.9
2003/5/26,18.3,11.1,14.4,0,5.3
2003/5/27,21.5,13.2,16.9,0,3.4
2003/5/28,26.4,10.9,19.2,0,8.6
2003/5/29,28.2,12.4,20.4,0,12.4
2003/5/30,24.9,15.1,19.5,0,9.2
2003/5/31,19.8,15.6,17,14,0
2003/6/1,21.3,11.6,16.8,15,0
2003/6/2,19.7,7.8,14.2,0,6.6
2003/6/3,21.5,10.9,16.4,0,11.6
2003/6/4,25.7,10,18.4,0,9.9
2003/6/5,22.2,8.1,14.9,0,8.3
2003/6/6,23,6.8,14.9,0,8.1
2003/6/7,24.3,14.6,18.2,0,4.8
2003/6/8,23.1,12.7,16.5,0,8.3
2003/6/9,23.4,12.2,17.7,0,8.7
2003/6/10,20.6,13.9,17.1,0,0.9
2003/6/11,25.4,15.9,19.7,0,8.1
2003/6/12,21.7,15,18.5,1,0.5
2003/6/13,22.4,18.4,20.3,5,0
2003/6/14,21.3,17.6,19.6,0,0
2003/6/15,22.4,16.2,19.1,0,0
2003/6/16,22.4,16.6,19,0,0.4
2003/6/17,25.3,17.1,20.4,4,1.2
2003/6/18,27,15.2,21.7,0,4.9
2003/6/19,26.7,19,22.9,5,1.7
2003/6/20,25.3,19.3,21.3,9,0
2003/6/21,28.7,16.3,22,0,9.3
2003/6/22,29.5,14.1,21.8,0,11.6
2003/6/23,26,16.9,21.3,0,9.8
2003/6/24,22.7,16.2,18.8,0,3.6
2003/6/25,18.3,15.9,16.9,6,0
2003/6/26,20.4,14.9,16.9,2,0
2003/6/27,16.1,13.7,14.9,18,0
2003/6/28,17.1,14.5,15.5,14,0
2003/6/29,23.1,14.6,18.1,6,1.5
2003/6/30,22.1,16,18.3,0,0.3
2003/7/1,21.9,14.9,18.6,0,2.3
2003/7/2,21.9,12.9,17.3,0,1.2
2003/7/3,22.9,13.1,18,0,6.8
2003/7/4,19.4,15.4,17.2,42,0
2003/7/5,20.7,15.1,17.3,3,0
2003/7/6,24.4,15.8,19.9,0,4.6
2003/7/7,21.6,16.3,18.4,0,0
2003/7/8,19.6,14.8,16.6,4,0
2003/7/9,19.2,14.9,17,0,0
2003/7/10,19.8,16.6,18.3,57,0
2003/7/11,26.1,18.8,22,2,3.2
2003/7/12,26.9,17.7,21.5,3,5.8
2003/7/13,25.4,16.3,20.4,0,6.8
2003/7/14,23.2,16.4,18.6,1,1.8
2003/7/15,22.7,15,18.3,2,1.8
2003/7/16,22.8,13.5,18.3,0,1.8
2003/7/17,23.7,15.7,19.1,0,2
2003/7/18,21.8,14.6,18.2,0,1.5
2003/7/19,19.1,15.2,16.5,3,0
2003/7/20,21,15.2,18.3,8,0
2003/7/21,22.7,17.2,20,0,0
2003/7/22,22.7,14,18.2,0,0.2
2003/7/23,20.8,14.1,16.5,0,2.7
2003/7/24,19.1,14.3,16.8,7,0
2003/7/25,21.2,15.5,17.8,2,0
2003/7/26,18.2,14.4,16.2,0,0
2003/7/27,22.1,11.5,16.4,0,9
2003/7/28,24.6,11.4,18.1,0,8.4
2003/7/29,23.5,16.1,19.8,4,0.8
2003/7/30,22.2,19.4,20.6,23,0
2003/7/31,26.9,17.6,22,0,7.9
2003/8/1,25.2,18.1,21.6,0,0.5
2003/8/2,26.6,20.5,23.1,0,0
2003/8/3,25.7,22.6,24,1,0
2003/8/4,25.9,22.7,23.9,2,0
2003/8/5,29.8,20.7,24.7,0,4.5
2003/8/6,29.4,18.5,24.1,0,8
2003/8/7,28,21.9,24.3,0,2.9
2003/8/8,26,21.8,23.5,1,0
2003/8/9,25.5,22.1,23.3,48,0
2003/8/10,27.1,17.8,23,0,5.9
2003/8/11,24.6,17.3,20.5,10,0.1
2003/8/12,24.6,17.9,20.1,15,1.2
2003/8/13,27.2,18,21.9,0,7.7
2003/8/14,24.2,17.7,20.3,0,1.1
2003/8/15,19.6,16.2,17.7,3,0
2003/8/16,24.3,15.4,18.9,0,4.3
2003/8/17,21,14.4,18.1,0,0
2003/8/18,22.8,16.5,18.8,9,0
2003/8/19,23.4,16.6,19.5,0,0.2
2003/8/20,22.9,17.3,20.2,0,0.5
2003/8/21,27.8,18.3,22,2,6.7
2003/8/22,29.3,16.3,23,0,7.5
2003/8/23,26.1,21.3,23.1,13,1.3
2003/8/24,24.5,20,22.1,3,0
2003/8/25,26.2,19.7,21.6,20,1
2003/8/26,25.6,19.2,21.6,14,1.2
2003/8/27,25.7,18.3,20.8,0,8.5
2003/8/28,21,16.6,18.9,10,0.1
2003/8/29,25.3,18,21.5,4,2.3
2003/8/30,22.3,13.8,18.1,0,3.1
2003/8/31,19.5,12.7,16.2,11,0
2003/9/1,23.8,12.4,18.3,0,5.9
2003/9/2,26.8,18.3,21.7,0,3.9
2003/9/3,27.8,17.4,22.2,9,4
2003/9/4,27.1,14.4,20.2,0,8.9
2003/9/5,21.6,14.1,17.7,8,0.3
2003/9/6,25.8,14.5,18.2,27,0.7
2003/9/7,18.4,13.9,15.8,3,0
2003/9/8,19.8,14.9,16.9,27,0
2003/9/9,27,17.5,22.3,1,10.1
2003/9/10,23.9,18.8,21.1,2,0
2003/9/11,24.6,19.5,21.5,0,0.5
2003/9/12,24.8,19.1,21.3,2,0.1
2003/9/13,27.2,19.6,22.8,2,1.8
2003/9/14,25.9,19.5,22.4,1,7.9
2003/9/15,24.3,10.4,18.1,0,10.8
2003/9/16,23.8,7.4,16,0,9.5
2003/9/17,26.1,17.5,21.3,0,7.8
2003/9/18,24,19.9,21.6,0,0
2003/9/19,20.2,16.1,18,27,0
2003/9/20,17.6,10.8,14.1,0,0.3
2003/9/21,16.8,10,12.6,0,0.4
2003/9/22,17.9,6.9,12.4,0,1.7
2003/9/23,20.2,4.6,11.7,0,5.2
2003/9/24,19.8,5,13.5,0,4.9
2003/9/25,18.3,13.7,16.4,4,0
2003/9/26,21.8,10.5,17,0,1.3
2003/9/27,21.9,9.2,15.3,0,3.3
2003/9/28,21.8,12.9,16.6,0,2.2
2003/9/29,20.3,9.6,14.9,0,3.9
2003/9/30,17.8,6.7,12.6,0,2.2
2003/10/1,18.4,7.9,13.1,0,2.8
2003/10/2,20.2,10.7,13.8,6,4
2003/10/3,17.4,8.5,12.3,0,4.7
2003/10/4,18.8,5.1,10.9,0,4.5
2003/10/5,17.4,3.6,9.7,0,7
2003/10/6,15.7,3.1,8,2,2.6
2003/10/7,18.4,0,8,0,10.2
2003/10/8,18.6,0.4,9.4,0,10.5
2003/10/9,18.4,1.6,10.4,0,9.3
2003/10/10,19.1,3.5,11.6,0,10.2
2003/10/11,21.4,7.3,14.1,0,7.2
2003/10/12,22.7,8.8,16,0,5.8
2003/10/13,16,5.6,12.8,25,0
2003/10/14,15.5,5.4,9.5,0,4.7
2003/10/15,14.5,7.2,11,0,1.8
2003/10/16,17.2,9,11.7,2,5
2003/10/17,16,2.8,8.5,0,8.3
2003/10/18,15.2,0.6,8.8,3,6
2003/10/19,16.3,3,9.9,1,6.7
2003/10/20,17.1,1.3,8.2,0,6.8
2003/10/21,15.9,2.3,10.4,0,3.3
2003/10/22,18.7,11.1,14.8,0,0.9
2003/10/23,17.6,6.7,12.5,1,0.3
2003/10/24,10.9,4.7,8.1,0,1.4
2003/10/25,16.6,5.3,11.1,0,3.9
2003/10/26,14.7,-0.4,8.2,0,6.6
2003/10/27,15.7,-3.2,5.7,0,9.5
2003/10/28,14.8,1.7,10,4,1.1
2003/10/29,16.4,9,11.6,17,1.5
2003/10/30,16.4,4.2,10.9,0,4.5
2003/10/31,17.2,0.3,8,0,7.5
2003/11/1,19.4,3,9.3,0,7.1
2003/11/2,21,1.1,10.4,0,9.1
2003/11/3,18.8,5.8,12.6,0,4.8
2003/11/4,15.5,-0.6,9.2,0,9.2
2003/11/5,14.7,-2.2,6.6,0,7
2003/11/6,16.1,5.4,10.3,0,2.4
2003/11/7,12.3,3.8,8.8,1,1.4
2003/11/8,11.7,5.8,8.7,1,2
2003/11/9,11.9,-0.6,5.6,0,3.5
2003/11/10,10.2,-2.8,3.8,0,7
2003/11/11,7.2,4.1,5.7,9,0
2003/11/12,9.1,1.9,5.9,2,0.8
2003/11/13,10.5,-0.9,3.5,0,6.2
2003/11/14,9.5,-2.4,2.5,0,1.4
2003/11/15,11.1,-3.4,5,2,5.7
2003/11/16,13.9,4.2,9.5,21,7.1
2003/11/17,6.3,1.6,3.8,1,0.8
2003/11/18,11,-2.8,3.3,0,8.7
2003/11/19,14.7,-1.2,5.1,0,6.3
2003/11/20,13.2,-1.7,6.3,0,4.7
2003/11/21,16.8,8.6,12.3,9,1.1
2003/11/22,8.8,0,3.2,1,2.7
2003/11/23,5.6,-4.5,1.1,0,5.8
2003/11/24,7.6,-6.7,1,0,8.1
2003/11/25,9.2,4.3,6.8,21,0
2003/11/26,6.4,-3.2,1.8,0,7
2003/11/27,5.2,-4.7,-0.4,0,2.5
2003/11/28,6.7,-4.5,2,0,0
2003/11/29,12,5.1,9.1,13,0.2
2003/11/30,13.5,9.2,12,6,0
2003/12/1,10.3,4.2,7.7,0,0
2003/12/2,9.2,2.1,6,0,0.9
2003/12/3,6.7,0.7,3.7,0,4.7
2003/12/4,4.2,-1.1,1.2,1,4.6
2003/12/5,4.6,0.2,1.8,0,2.9
2003/12/6,7.6,-0.5,3,13,0
2003/12/7,8.6,-2.2,2.2,4,4.2
2003/12/8,1.8,-5.1,-1,1,1.5
2003/12/9,0.1,-3.1,-1.3,0,1.5
2003/12/10,4.7,-2,0.6,0,0.7
2003/12/11,3.2,-5.3,-1.3,0,0.7
2003/12/12,2.2,-1.1,0.6,17,0
2003/12/13,3.6,1,2.2,2,0
2003/12/14,6.5,0.4,3,0,1.2
2003/12/15,8.5,-0.8,3.8,0,5.2
2003/12/16,5.6,0,2.7,0,1.1
2003/12/17,4.7,-0.2,2.7,0,0.2
2003/12/18,8.6,2.3,4.7,1,2.3
2003/12/19,3.6,-0.2,1.6,3,0
2003/12/20,1.6,-2.3,-0.4,1,3.6
2003/12/21,4.3,-4.6,1,0,2.6
2003/12/22,9.4,1.7,4.8,6,3
2003/12/23,9.4,3.2,6.8,0,5.6
2003/12/24,8.9,-0.9,4.9,0,2
2003/12/25,6,-3.2,1.7,7,0
2003/12/26,2.5,-1.9,0.4,0,6.8
2003/12/27,1,-5.1,-2.5,0,6.4
2003/12/28,4.4,-4.6,0.6,0,1.2
2003/12/29,4.5,1,2.8,10,0
2003/12/30,3.5,-5,-1.1,0,4.2
2003/12/31,3.9,-5.3,0.2,1,3.3
2004/1/1,5.6,-0.7,2.6,0,2.9
2004/1/2,5.4,-0.1,2.2,0,1.6
2004/1/3,2.5,-2.4,0.2,4,0.6
2004/1/4,2.5,-4.6,-1.5,0,5.6
2004/1/5,3.4,-4.6,-1.2,0,4.6
2004/1/6,1.8,-7,-3.3,0,4.7
2004/1/7,0.6,-8.9,-3.9,1,4.2
2004/1/8,0.4,-6.7,-2,1,5.3
2004/1/9,1.5,-12.1,-3.1,0,6.3
2004/1/10,0.4,-13.3,-5.3,3,4.4
2004/1/11,-0.7,-6.2,-4,0,1.1
2004/1/12,1.5,-4.5,-1.1,0,6.6
2004/1/13,2.5,-2,0.2,2,0
2004/1/14,1.9,-5.5,-2.5,1,1.6
2004/1/15,-1.2,-7.2,-4.4,0,2.2
2004/1/16,2.6,-7.9,-3.4,0,3.9
2004/1/17,2.6,-10.1,-4.4,0,7.7
2004/1/18,2.5,-9.5,-5,0,4.9
2004/1/19,0.7,-9.3,-2.5,9,0
2004/1/20,3.2,-4.1,-0.4,2,0.9
2004/1/21,2.7,-3.1,0.1,2,0.4
2004/1/22,0.8,-5.4,-2.2,1,0.4
2004/1/23,-3.1,-6.6,-5.1,0,2.5
2004/1/24,1,-4.7,-2.4,0,1.5
2004/1/25,1.4,-11.1,-4.2,0,6.8
2004/1/26,0.2,-15.7,-6.9,0,3.4
2004/1/27,-0.4,-4.5,-2.8,0,3
2004/1/28,-0.1,-8.8,-3.4,1,3.1
2004/1/29,1,-9.3,-3.5,0,5.2
2004/1/30,2.2,-12.3,-5.5,0,5
2004/1/31,2.3,-11,-4.4,0,5.4
2004/2/1,3.3,-8,-2.6,0,7
2004/2/2,1,-11.4,-3.3,13,0
2004/2/3,1.8,-10.4,-1.9,0,1.5
2004/2/4,-1.7,-9.5,-4.3,0,3.3
2004/2/5,-0.4,-6.9,-3.5,0,3.7
2004/2/6,0.5,-10.1,-3.9,0,3.3
2004/2/7,-1.2,-5.1,-4,1,3.3
2004/2/8,-0.7,-6.2,-3.8,2,1.9
2004/2/9,0.1,-9.5,-4.7,0,5.5
2004/2/10,0.6,-11.9,-6.1,0,7.3
2004/2/11,2.4,-16.6,-5.6,0,8
2004/2/12,3.7,-2.4,-0.2,1,3.3
2004/2/13,3.6,-7.2,-1,0,8.2
2004/2/14,5.5,-1.2,2.2,4,1.3
2004/2/15,3.7,-0.7,1.3,3,3.8
2004/2/16,4.9,-4.1,1.3,0,2
2004/2/17,1.9,-1.9,-0.2,3,1
2004/2/18,0.5,-6.6,-2.2,0,4.2
2004/2/19,1.9,-12.3,-4,0,1.6
2004/2/20,4.9,-8.8,-1.2,0,9.2
2004/2/21,9.4,-2.7,3.9,0,8.7
2004/2/22,12.8,3.1,6.5,1,5
2004/2/23,8.4,-2.2,1.7,9,3
2004/2/24,4.8,-2.9,1.7,0,7.1
2004/2/25,9.1,0.2,4.7,3,6.7
2004/2/26,6.9,-4.5,1.5,7,4.9
2004/2/27,-0.3,-6.1,-2.9,1,5.1
2004/2/28,2.9,-5.3,0,0,5.1
2004/2/29,5.8,-1.4,2.1,4,1.2
2004/3/1,1,-4.7,-1.9,0,4
2004/3/2,1.4,-6.1,-3.1,2,5.6
2004/3/3,-2.2,-8.9,-5.1,0,4.4
2004/3/4,0.5,-7,-4,3,1.4
2004/3/5,-0.8,-9.7,-5.1,0,4.7
2004/3/6,-1.6,-11.3,-5.2,19,0
2004/3/7,0.9,-13.6,-3.9,1,3.3
2004/3/8,0.7,-12.3,-3.7,0,1.2
2004/3/9,5.7,-4,1.7,0,3.7
2004/3/10,10.9,1.8,6.1,0,4.3
2004/3/11,7.5,0.1,3.3,14,0.2
2004/3/12,7.3,0.8,3.5,0,6.4
2004/3/13,4,-2.2,0.6,2,3.8
2004/3/14,4,-4.3,0.1,0,5.4
2004/3/15,7.3,-7.5,-0.6,0,7.1
2004/3/16,10,-6.2,2.8,0,5.9
2004/3/17,19.2,-0.6,9.5,9,8
2004/3/18,8.3,-2,2.4,0,5
2004/3/19,5.7,-2.8,0.9,0,9.5
2004/3/20,6.5,-2,1.8,0,4.5
2004/3/21,8.9,-4.4,1.9,0,7.6
2004/3/22,8.5,-2.7,2.8,0,3.8
2004/3/23,10.2,-2.3,4,0,9.2
2004/3/24,10.1,-2.5,4.1,0,9.7
2004/3/25,10.2,3.9,6.3,1,0
2004/3/26,8.4,2.2,4.8,0,4.3
2004/3/27,8.6,-0.9,4,0,6.3
2004/3/28,13.5,-3.3,4.6,0,8.5
2004/3/29,16.8,-2,7.3,0,5.6
2004/3/30,17.5,1.8,10.4,0,5.1
2004/3/31,10.6,-0.3,6.3,1,6.5
2004/4/1,9.9,0,5.2,0,9.3
2004/4/2,6.2,0.1,2,23,0
2004/4/3,6.1,-1.8,1.9,1,1.8
2004/4/4,9.9,-1.4,3.9,0,9.6
2004/4/5,10.8,-4.8,3.9,0,11.6
2004/4/6,16.4,1.9,9.4,0,11.2
2004/4/7,10.6,3.1,7.7,5,0.5
2004/4/8,9.2,1.1,4.9,0,6.3
2004/4/9,14.3,1.1,7.6,0,9.4
2004/4/10,16.5,-2.3,7.5,0,9.1
2004/4/11,15.6,-0.5,8.2,0,4.8
2004/4/12,18.2,5.7,11.6,0,10.8
2004/4/13,16.1,1,8.6,0,9.4
2004/4/14,13.7,4.9,8.4,0,1.3
2004/4/15,17.2,1.2,9.2,0,11.1
2004/4/16,21.4,2.1,11.6,0,9.9
2004/4/17,13.3,-1.4,8.2,0,7.2
2004/4/18,18.5,-4.3,9.4,0,11.9
2004/4/19,18,7.4,12.8,0,0
2004/4/20,14.2,6.8,11.3,11,3.1
2004/4/21,15.7,7.2,11.2,0,11.9
2004/4/22,10.6,5.2,7.7,5,0
2004/4/23,7.3,2.1,4.9,10,0
2004/4/24,8.9,-0.4,3.9,0,4.3
2004/4/25,9,-1.5,3.4,15,2.8
2004/4/26,12.7,0.2,6.7,0,10.5
2004/4/27,7.4,4.6,5.7,40,0
2004/4/28,9.7,4.6,6.9,7,0
2004/4/29,20,5.2,12.3,0,12.2
2004/4/30,21.3,6.4,14.8,0,9.6
2004/5/1,14.9,1.8,10.1,0,5.8
2004/5/2,15,-1.4,7.7,0,11.3
2004/5/3,14.7,6,10.6,0,0.1
2004/5/4,17,6.9,13,16,0
2004/5/5,18.1,4.3,11.7,0,6.1
2004/5/6,16.4,1.9,10.7,0,12.2
2004/5/7,17.8,8.5,13.2,0,10.6
2004/5/8,21.9,4,14.4,0,11.8
2004/5/9,19.3,11.9,15.7,0,0
2004/5/10,16,13.3,14.5,4,0
2004/5/11,21.3,11.2,15.5,1,4.3
2004/5/12,22.5,9.3,15.6,0,9.8
2004/5/13,19.9,12.5,15.9,2,0.1
2004/5/14,20.5,7.1,15.5,0,7.2
2004/5/15,22.1,4.5,13.8,0,6.7
2004/5/16,16.3,11.4,13.6,0,0
2004/5/17,16.6,12.6,15.3,17,0
2004/5/18,20.3,14.5,16.8,1,5
2004/5/19,21.9,10.7,17,0,2
2004/5/20,20.4,13.7,16.7,1,0
2004/5/21,14,6.1,10.1,23,0
2004/5/22,15.7,5.8,10.4,0,0.7
2004/5/23,22.5,9.1,14.3,4,5.7
2004/5/24,20,9.4,14.2,0,6.9
2004/5/25,15.6,8.8,12.3,0,0.6
2004/5/26,25.2,5.2,15,0,9.4
2004/5/27,26.3,11,19.1,0,7.9
2004/5/28,22.2,16.6,18.4,0,1.3
2004/5/29,20.4,15.5,17.6,5,0.1
2004/5/30,25.2,17.1,21,6,3.5
2004/5/31,20.6,14.6,17.8,16,0
2004/6/1,22.9,9.7,16,0,6.7
2004/6/2,23.2,6.3,14.9,0,11.3
2004/6/3,26,6.3,16.7,0,13.6
2004/6/4,27.9,7.8,18.8,0,12.7
2004/6/5,26.8,10.9,19.4,0,0.8
2004/6/6,24.7,12.3,19.5,0,4.7
2004/6/7,21.1,14,16.8,10,0
2004/6/8,17.8,13.1,14.9,22,0
2004/6/9,23.3,13.6,18.2,0,4.9
2004/6/10,23.5,12.7,18.3,0,6.4
2004/6/11,22.7,8.6,16.4,0,7.7
2004/6/12,26.3,13.8,18.9,4,8
2004/6/13,23.1,11.1,17.2,0,5.8
2004/6/14,26.3,8.8,18.3,0,12.4
2004/6/15,22.2,10.2,15.3,0,4.3
2004/6/16,24.5,7.6,16.3,0,12.8
2004/6/17,26.8,13,19.3,0,10.1
2004/6/18,24,12.9,19.5,0,0.4
2004/6/19,22,18.2,20.1,3,0
2004/6/20,20.4,19.1,19.8,22,0
2004/6/21,29,17.3,23,34,3.4
2004/6/22,21.7,17.6,20.2,25,0
2004/6/23,25.5,18.2,22.1,0,6
2004/6/24,25.6,18.1,22.3,0,3.7
2004/6/25,24.6,16.4,19.9,0,0
2004/6/26,17.4,14.3,15.8,18,0
2004/6/27,27,15.8,21,0,4.8
2004/6/28,25,18.4,20.7,0,4.3
2004/6/29,26.8,18.9,22.1,0,1.7
2004/6/30,25.2,17.8,21.6,2,0.3
2004/7/1,26.2,13.2,20.1,0,12.2
2004/7/2,24.4,9.9,17.2,0,6
2004/7/3,27.6,11.4,19.8,0,9.4
2004/7/4,27,12.2,20.1,0,3.9
2004/7/5,27.2,16.8,22.3,0,4.7
2004/7/6,28.4,21.1,24.5,0,6.3
2004/7/7,30.7,19.8,25.1,0,1.7
2004/7/8,27.6,21,23.8,5,0.4
2004/7/9,28.8,22.2,25.2,0,1.6
2004/7/10,29.8,21.2,25.2,0,7.3
2004/7/11,20.9,14.4,17.2,31,0
2004/7/12,19.5,13.7,16.8,0,0
2004/7/13,21.9,16.5,18.3,2,0
2004/7/14,20,17,18.5,1,0
2004/7/15,23.7,16.9,20.8,0,0.4
2004/7/16,25.4,20.1,22.6,3,0
2004/7/17,22.6,19.5,21,39,0
2004/7/18,26.7,19.3,23,1,3.5
2004/7/19,28.3,20.8,23.9,37,0.2
2004/7/20,25.7,21.9,23.4,9,0.3
2004/7/21,30.1,17.6,24.1,0,5.7
2004/7/22,28,15.1,21.7,0,10.1
2004/7/23,29.2,18.1,22.9,0,8.3
2004/7/24,30.8,19.8,25.3,0,11
2004/7/25,32.7,20.9,27,0,11.8
2004/7/26,28.6,20.4,23.8,6,1.3
2004/7/27,29.8,20.3,24.9,0,6.7
2004/7/28,29.6,23.1,25.6,0,7.5
2004/7/29,30.9,23.1,26.7,0,8.9
2004/7/30,30.5,23.5,26.4,0,8.5
2004/7/31,30.3,24.1,26.5,0,7.7
2004/8/1,30.6,23.1,26.3,0,7.6
2004/8/2,29.6,22.2,25.3,0,8.5
2004/8/3,28.7,22.6,25.1,0,1
2004/8/4,29.2,22.6,25.3,0,2.8
2004/8/5,29.5,23.3,25.9,0,4.5
2004/8/6,26.5,22.8,23.8,68,0
2004/8/7,31,21.7,26.1,0,10.8
2004/8/8,31.8,22,26,0,8.9
2004/8/9,31,22.8,26.3,0,7.6
2004/8/10,30.3,18.6,24.8,0,10.4
2004/8/11,28.8,16.3,22.1,0,9.5
2004/8/12,27.8,15.5,21.8,0,3.4
2004/8/13,27.1,18.2,22.4,3,1.3
2004/8/14,25.6,16.9,21.4,2,6.8
2004/8/15,25.3,15.5,19.4,0,3.4
2004/8/16,25.4,15.4,19.8,0,5
2004/8/17,18.4,15,16.4,7,0
2004/8/18,20.5,16.1,18.5,17,0
2004/8/19,27.3,19.5,22.4,5,1.2
2004/8/20,25.2,13.7,20.1,8,4
2004/8/21,25.6,11.2,18.2,0,11.7
2004/8/22,26.8,10.5,18.8,0,10
2004/8/23,22.5,15.2,18.7,2,2.1
2004/8/24,23.5,16.6,19.5,34,0
2004/8/25,27.6,13.2,20,0,9.6
2004/8/26,25.7,15.8,19.9,0,7.4
2004/8/27,26.9,14.4,20.1,0,12.1
2004/8/28,23.3,13.9,18.3,0,8.1
2004/8/29,20.8,16.4,18.4,0,0.1
2004/8/30,26.7,17.2,21.8,0,5.6
2004/8/31,25,17.2,22.5,20,0.7
2004/9/1,25.5,18.8,21.9,0,3.4
2004/9/2,21.5,18,19.5,0,0
2004/9/3,26.1,15.3,20.8,0,9.5
2004/9/4,27.1,12.6,20.1,0,7.6
2004/9/5,24,16.4,20.1,0,0.3
2004/9/6,24.4,18.9,20.8,12,0.5
2004/9/7,24.8,18.4,21.4,5,0.5
2004/9/8,24.9,17,21.6,13,5
2004/9/9,24.3,14.7,19.1,0,5.7
2004/9/10,21.5,13.6,17.4,2,0.6
2004/9/11,22.9,9.9,16.8,0,10.6
2004/9/12,19.5,13.4,17.2,0,0.2
2004/9/13,24,17.2,20.4,8,1.5
2004/9/14,22.1,13.8,19.4,4,6.1
2004/9/15,23.5,12.6,17.6,0,10.2
2004/9/16,23.5,11,17.3,0,9.5
2004/9/17,22.8,13,17.7,7,2.7
2004/9/18,26.9,16,21.6,0,6.6
2004/9/19,23,18.8,20.6,8,0.4
2004/9/20,23.5,16,19.3,14,1.4
2004/9/21,18.4,15.3,16.4,49,0
2004/9/22,20,15.7,18,27,0
2004/9/23,25.6,14,18.6,0,9.4
2004/9/24,23,12.2,17.8,0,4.7
2004/9/25,24.6,15.7,18.7,8,2.5
2004/9/26,22.7,14.2,17.4,0,7.7
2004/9/27,18.2,14.7,15.8,0,0
2004/9/28,23.7,14.8,18.4,0,4
2004/9/29,19.6,14.4,16.3,15,0
2004/9/30,15.8,11.5,14.6,109,0
2004/10/1,22.8,8,15.6,0,9
2004/10/2,16.3,11.7,14.6,3,0.1
2004/10/3,12,9.8,10.6,6,0
2004/10/4,16.7,9.9,13.5,5,0
2004/10/5,16.7,10.8,13.7,13,0
2004/10/6,17.6,7,11.5,15,2.7
2004/10/7,20.6,4.6,12.1,0,5.6
2004/10/8,17.8,8.9,13.7,0,0.1
2004/10/9,15.2,12.9,13.7,22,0
2004/10/10,15,11.9,13.8,3,0
2004/10/11,20.3,11.8,15.7,1,1.9
2004/10/12,21.1,14.7,16.9,0,2.7
2004/10/13,19.4,5.3,14.2,0,3.4
2004/10/14,16.3,1.8,8.9,0,9.3
2004/10/15,18.6,4.9,11.3,0,5
2004/10/16,17.3,3.1,10.1,0,4.6
2004/10/17,16.8,1.4,8.3,0,10
2004/10/18,16.3,-0.5,8.4,0,7
2004/10/19,17.7,8.3,12.8,0,3.3
2004/10/20,15.9,10.3,13.1,10,0
2004/10/21,17.2,8.3,12.7,20,1.4
2004/10/22,15.2,7.3,10.9,8,0.3
2004/10/23,13.1,4.6,9.8,0,4.3
2004/10/24,14.2,-0.4,7.7,0,8.3
2004/10/25,16.8,3.8,9.9,0,5.7
2004/10/26,9.7,0.9,5.1,1,0.4
2004/10/27,7.9,-0.3,3.9,0,1
2004/10/28,11.2,-2.8,3,0,5.9
2004/10/29,14.5,-2.7,5.8,0,9.3
2004/10/30,15.8,2.2,10.4,0,5.1
2004/10/31,16.1,11.3,13.5,11,0
2004/11/1,14.8,12.1,13.7,15,0
2004/11/2,13.3,9.5,11.4,21,0
2004/11/3,13,9.4,11.1,8,0
2004/11/4,16.2,7,11.2,7,2.1
2004/11/5,15.9,5.3,10.5,0,4.4
2004/11/6,16.3,4.6,10.7,0,4.1
2004/11/7,15.4,0.6,9.4,0,8.4
2004/11/8,11.9,-2,6,0,7.6
2004/11/9,16.9,3.4,9.7,0,3.2
2004/11/10,17.5,3.3,10.5,0,5.5
2004/11/11,17.1,13.8,15.2,2,0.8
2004/11/12,17,8.6,14.4,5,0.1
2004/11/13,9.7,2.5,6.1,0,4.7
2004/11/14,11.1,1.2,6,0,4.1
2004/11/15,9.3,3.1,6.2,8,0
2004/11/16,8.2,0.2,4.6,0,3.6
2004/11/17,13,3.5,8.5,0,1.4
2004/11/18,10.7,0.8,6.6,0,0
2004/11/19,10.8,2.6,7.7,0,0
2004/11/20,14.2,1.6,6.5,0,5.6
2004/11/21,15.4,-0.9,6,0,8.7
2004/11/22,14,-3.1,4.6,0,8.1
2004/11/23,16.4,-1.3,8.1,0,6.5
2004/11/24,14.1,7.8,10.6,0,1.3
2004/11/25,9.8,1,6.9,0,4.6
2004/11/26,11.6,-0.9,6.6,6,5.3
2004/11/27,9.5,3.9,7.4,6,1
2004/11/28,5.9,1.4,3.9,0,2.9
2004/11/29,5,-1,1.8,0,5.6
2004/11/30,4.7,-3.9,0.2,0,1.2
2004/12/1,8.3,-4.3,2.8,0,6.1
2004/12/2,7,-3.4,2.9,0,5.6
2004/12/3,9.6,-4.3,3.8,0,8.2
2004/12/4,15.1,7.5,11.4,0,2.3
2004/12/5,11,3.8,7.5,68,0
2004/12/6,7.3,-1.4,3.6,1,5.7
2004/12/7,5.7,0.2,3.6,19,0.3
2004/12/8,6.9,0.6,3.7,0,0.4
2004/12/9,6.2,-3.1,1,0,8.4
2004/12/10,11,-0.9,5.9,0,3.5
2004/12/11,10,-0.2,4.5,0,5.9
2004/12/12,6.9,-2.6,2.7,0,4.9
2004/12/13,7.4,-0.4,3.4,2,3.9
2004/12/14,6.5,-1.9,1.2,0,7.2
2004/12/15,5.9,0.4,2.5,0,1.4
2004/12/16,8.1,0.3,3.7,1,0.8
2004/12/17,2.9,-2.4,0.2,0,3.9
2004/12/18,1.2,-2.8,-0.6,1,0
2004/12/19,4.9,-3.2,0.3,0,6.2
2004/12/20,4.7,-2.6,2.4,14,0
2004/12/21,3.4,-2.8,0.6,1,5.5
2004/12/22,-0.7,-4.6,-2.7,0,6
2004/12/23,1.9,-4.8,-1.4,0,4.7
2004/12/24,3.3,-3.9,-0.5,0,3.6
2004/12/25,2.6,-2.7,-0.4,0,4
2004/12/26,4.7,-1.6,0.2,0,5.3
2004/12/27,0.8,-3,-1.1,0,3.7
2004/12/28,0.5,-3.7,-1.9,0,1.9
2004/12/29,-2.5,-6.6,-4,0,0
2004/12/30,-1.7,-8.2,-4.5,0,2.8
2004/12/31,-1,-7.6,-3.5,7,0
2005/1/1,-0.6,-10.5,-4.4,4,3.6
2005/1/2,2.2,-12.6,-4.1,0,4.8
2005/1/3,5.9,-0.2,2.1,0,0.9
2005/1/4,4.2,-3.9,0.7,11,1.1
2005/1/5,-0.8,-8.7,-3.9,0,5.5
2005/1/6,0.7,-10.6,-4.1,0,0.3
2005/1/7,2.2,-4.2,-0.8,1,0
2005/1/8,-0.2,-6.2,-3,0,4.9
2005/1/9,-3,-7.8,-5.3,2,1.4
2005/1/10,-1.7,-8.3,-4.6,2,6
2005/1/11,-0.6,-6.6,-3.9,0,1.4
2005/1/12,-3.8,-9.4,-5.5,1,0
2005/1/13,2.2,-5.6,-1.3,0,5.6
2005/1/14,4.1,-6.6,-1.5,0,5
2005/1/15,1.5,-9.4,-3.6,0,0.3
2005/1/16,1.7,-1.9,-0.1,2,0
2005/1/17,1.2,-2.7,-1.1,0,0
2005/1/18,4.4,-5,-0.6,0,3.7
2005/1/19,3.5,-9.6,-1.9,2,4.4
2005/1/20,1.3,-3.9,0,14,0
2005/1/21,1.6,-5.3,-1.4,0,2.7
2005/1/22,-2.6,-7.3,-4.7,0,3.9
2005/1/23,0.9,-10.9,-5.8,0,7.3
2005/1/24,0.4,-15,-6,0,2.8
2005/1/25,0.9,-9.7,-2.2,1,2
2005/1/26,-1.3,-14.3,-7.6,0,0.7
2005/1/27,0.6,-10.4,-3.2,1,1.9
2005/1/28,2,-7.7,-3.2,0,3
2005/1/29,4.7,-7.4,-0.4,0,5.9
2005/1/30,2.6,-7.4,-3.1,1,2.6
2005/1/31,-2.9,-7.6,-5.3,0,0.7
2005/2/1,-1.9,-5.7,-4.5,1,1.5
2005/2/2,-0.4,-8.5,-4.7,0,3.2
2005/2/3,0.4,-8.4,-4.5,0,3.3
2005/2/4,0.3,-7.8,-2.9,0,1.8
2005/2/5,-1,-7.2,-3.9,0,2.9
2005/2/6,2.9,-10.2,-2.7,0,6
2005/2/7,3.1,-6.7,-1,0,8.2
2005/2/8,2.4,-10.4,-4.3,0,4.5
2005/2/9,1.7,-9.7,-2.9,0,0.3
2005/2/10,2,-7.1,-2,4,3.8
2005/2/11,-2,-7.9,-5,0,6.7
2005/2/12,-1.6,-6.4,-4.2,0,1
2005/2/13,0.8,-9,-3.3,0,4.4
2005/2/14,-1,-6.2,-3.6,0,6.8
2005/2/15,1.9,-5.9,-2.3,0,3.8
2005/2/16,-2.8,-9.7,-5.5,6,0
2005/2/17,4.1,-4.1,-0.8,3,1.1
2005/2/18,1.6,-6,-1.7,0,6
2005/2/19,0.5,-2.2,-0.7,8,0
2005/2/20,2.6,-6.2,-0.8,8,1.1
2005/2/21,-1.4,-8.6,-4.7,0,0
2005/2/22,-0.5,-6.7,-3.4,0,6.7
2005/2/23,4,-7.6,-3.4,2,0.3
2005/2/24,0,-8.1,-3.6,0,6.5
2005/2/25,3,-7.9,-3.1,6,4.3
2005/2/26,-0.3,-14.5,-5,1,6.1
2005/2/27,-0.2,-16.5,-6.9,0,3.4
2005/2/28,-0.2,-5.8,-2.9,0,2.2
2005/3/1,-1.6,-8.7,-4.9,0,4
2005/3/2,-2,-12.6,-5.5,0,4.6
2005/3/3,-0.1,-11.9,-4.5,0,5.1
2005/3/4,-1.3,-8.4,-4.3,0,0
2005/3/5,2.2,-6,-1.8,0,8.2
2005/3/6,4.3,-11.8,-2.5,0,10.4
2005/3/7,5.7,-5.3,2.4,1,5.3
2005/3/8,6.5,0.2,3.6,4,7.2
2005/3/9,1.4,-4.6,-1.5,1,6.9
2005/3/10,1.1,-7.1,-1.4,1,2.8
2005/3/11,3,0.8,1.7,6,0
2005/3/12,5.4,-3.8,0.4,1,4.7
2005/3/13,-1,-5.2,-3.5,2,0.7
2005/3/14,2.1,-8.1,-2.5,0,6.2
2005/3/15,6.1,-2.1,2,0,9.4
2005/3/16,8.1,-1.4,3.2,0,5.7
2005/3/17,2.8,-2,0.7,19,0
2005/3/18,7,1.1,4.4,0,0.8
2005/3/19,2.8,-3.7,-0.1,0,3.5
2005/3/20,6.7,-7,1.8,1,5.5
2005/3/21,7.5,-0.6,3.6,0,9.5
2005/3/22,9.2,-0.6,4.4,1,3.2
2005/3/23,11.4,2,5.7,2,3.4
2005/3/24,8.2,-0.8,3.8,0,9.3
2005/3/25,2.3,-2.6,-0.2,2,2.1
2005/3/26,2.5,-2.7,-0.5,0,4.7
2005/3/27,6.8,-1.4,1.9,0,4.9
2005/3/28,4.9,-3.9,0.9,8,0.1
2005/3/29,6.1,0,2.2,2,2.5
2005/3/30,4.7,-0.2,1.2,0,1.6
2005/3/31,7.1,-1.1,2.4,0,6.7
2005/4/1,5.7,-1.4,1.8,0,3.9
2005/4/2,10.8,-3.8,4.6,0,9.8
2005/4/3,11,0,5.4,3,2.5
2005/4/4,10.8,-2.4,3.3,0,8.9
2005/4/5,10.2,-1.3,6.1,0,0.8
2005/4/6,18.1,7.1,12.8,0,10.7
2005/4/7,13.6,8.1,11.4,16,1.2
2005/4/8,10.7,5.2,6.8,0,2.1
2005/4/9,11,0.1,6,0,9.7
2005/4/10,10.3,-1,6.5,5,2.1
2005/4/11,11.8,1.7,7.2,0,7
2005/4/12,12.5,0.8,6.7,0,4
2005/4/13,7.7,3.7,5.5,1,0
2005/4/14,10.8,2.7,7,0,4.5
2005/4/15,16.1,1.4,8.9,0,9
2005/4/16,15.8,-1,8.2,0,12
2005/4/17,11.4,-1,5.5,2,5.8
2005/4/18,13.3,-4,5.4,0,10.7
2005/4/19,15.6,-2.2,7.4,0,11.7
2005/4/20,9,3.5,6.4,14,0
2005/4/21,13.5,6,9.4,13,2.8
2005/4/22,11.9,2.8,6.1,4,2.4
2005/4/23,10.1,1.4,5.3,0,1.9
2005/4/24,14.4,-2.2,6.6,0,12.1
2005/4/25,16,5.5,10,0,1.6
2005/4/26,17.3,8,12.2,0,5.7
2005/4/27,19.1,3.5,13.1,0,9.9
2005/4/28,20.4,12,18,0,2.6
2005/4/29,19.6,7.2,14.3,2,11.8
2005/4/30,19.9,1.6,12.1,0,10.8
2005/5/1,23.1,6.1,15.5,0,9.3
2005/5/2,17.8,4.6,13.5,0,5.2
2005/5/3,20.1,3.6,12.6,0,12.4
2005/5/4,20.5,7.1,13.5,0,11.2
2005/5/5,17.9,5.4,11.6,0,4.9
2005/5/6,16.8,4.1,10.1,0,10.4
2005/5/7,12.4,4.6,8.1,12,0.2
2005/5/8,17.9,5.9,11.6,0,7.1
2005/5/9,18.3,8.8,11.9,1,1.5
2005/5/10,12.9,5.3,9,6,6.2
2005/5/11,15.1,2.6,9.6,0,6.1
2005/5/12,11.6,6.2,8.8,5,0
2005/5/13,9.8,5.4,7.1,2,0
2005/5/14,9.9,4.7,7.2,0,1.1
2005/5/15,12.9,5.7,8.1,5,1.1
2005/5/16,11.3,4.7,7.8,1,0.8
2005/5/17,17.7,1.8,10.9,0,10
2005/5/18,16.1,10.4,12.8,8,0
2005/5/19,15.6,9.3,13.1,7,2.3
2005/5/20,21.6,9.6,15.4,0,10.9
2005/5/21,23.1,4.9,15.8,0,12.7
2005/5/22,24.3,11.7,17.4,1,2.4
2005/5/23,13.2,7.9,10.5,7,0
2005/5/24,12.9,7.2,8.9,14,0
2005/5/25,19.4,7.8,13.2,0,10.1
2005/5/26,21.9,5.4,14.5,0,12.8
2005/5/27,18.2,10.7,13.7,3,1.3
2005/5/28,23.4,10.5,15.8,0,8.4
2005/5/29,22.8,11.8,16.2,0,7.2
2005/5/30,23.4,13.6,17.8,0,11.3
2005/5/31,17.5,11.1,14.3,3,0
2005/6/1,24.1,10.1,16.9,0,4.8
2005/6/2,26.3,8.1,18.2,0,6.8
2005/6/3,18.5,11.1,15.2,1,0
2005/6/4,22.1,10.4,15.4,0,1.9
2005/6/5,23,13,17.3,0,3.4
2005/6/6,23.9,11.4,17.2,0,3.3
2005/6/7,21.6,13.4,17.1,0,5.1
2005/6/8,22.6,14.8,18,0,0.4
2005/6/9,26.1,15.4,20.2,0,6.2
2005/6/10,23.8,14.7,20.1,0,1.1
2005/6/11,21.9,18.1,19.5,13,0
2005/6/12,22.4,15.1,19,2,4.5
2005/6/13,24.1,12.4,18.1,0,4.3
2005/6/14,24.6,12.8,18.8,0,8.1
2005/6/15,22.1,15.1,18.4,0,0
2005/6/16,23.9,12.5,18.3,0,6.8
2005/6/17,19.5,14.6,16.4,0,0
2005/6/18,24.1,15.4,19,0,7
2005/6/19,27.3,17.8,21.1,0,3.9
2005/6/20,27.1,16.9,20.5,1,2.9
2005/6/21,28.9,16.8,22.7,0,9.9
2005/6/22,27.3,17.2,22,0,4
2005/6/23,27.1,17,22.4,0,1
2005/6/24,29.3,20.4,23.9,0,8.3
2005/6/25,27.2,18.5,23.3,0,0.7
2005/6/26,27.8,22.7,24.7,0,1.1
2005/6/27,22.9,18.9,20.1,46,0
2005/6/28,24.8,15.9,20.6,0,0
2005/6/29,29.6,13.5,21.6,0,12.4
2005/6/30,28.3,13.3,20.7,0,11.1
2005/7/1,21.7,16.1,18.7,41,0.8
2005/7/2,25.4,15.6,19.7,0,7.7
2005/7/3,23.8,15.5,18.9,0,4.6
2005/7/4,18.6,16,16.7,24,0
2005/7/5,19.2,16,17.8,25,0
2005/7/6,19.2,14,16.5,63,0
2005/7/7,17.1,13.3,14.6,28,0
2005/7/8,24.1,13,17.8,0,1.2
2005/7/9,19.5,15.7,17.1,0,0.1
2005/7/10,21,13.3,17.3,34,0
2005/7/11,19.2,12.8,15.4,1,0
2005/7/12,17.9,14.2,15.7,4,0
2005/7/13,25.3,14.4,19.7,0,1
2005/7/14,19.1,17.3,18.3,0,0
2005/7/15,28.9,18.4,23,0,8.4
2005/7/16,30.4,19.5,23.9,0,6.2
2005/7/17,29.5,17.2,24.1,0,10.2
2005/7/18,27.2,22.7,24.7,0,0
2005/7/19,27.2,17.1,22.9,0,6.5
2005/7/20,24.1,14.2,18.9,2,0.1
2005/7/21,19.6,15.9,17.7,7,0
2005/7/22,24.1,16.1,19.3,0,2.6
2005/7/23,25.5,15.9,19.5,0,5.8
2005/7/24,26.9,17.7,21.7,0,4.3
2005/7/25,25.6,18.4,22.2,0,6.5
2005/7/26,25.3,20.8,22.6,19,0
2005/7/27,28.6,19.2,22.4,16,4.5
2005/7/28,26.3,17.4,21.7,0,6.3
2005/7/29,28.3,17.3,22.7,12,4.8
2005/7/30,30.3,22.4,25.7,0,7.4
2005/7/31,30.2,22.2,25.4,6,3.2
2005/8/1,30.9,22.9,25.8,0,4.8
2005/8/2,30,23.3,25.9,0,4.8
2005/8/3,29.3,23.6,25.7,0,1.1
2005/8/4,31,22.6,26.6,0,3.5
2005/8/5,33.8,20.9,26.8,0,10.3
2005/8/6,34.4,20.6,27.3,0,9.4
2005/8/7,31.7,21.8,24.8,2,0.9
2005/8/8,26.4,20.9,23.3,4,0.5
2005/8/9,30.3,20.4,24.2,1,6.4
2005/8/10,28.6,21.4,24.3,0,6
2005/8/11,30.2,19.2,24.8,1,10.2
2005/8/12,28,22.8,24.6,1,1.4
2005/8/13,26.7,22.5,24.1,2,0
2005/8/14,28.3,22.4,23.7,25,1.4
2005/8/15,27.4,22,23.7,31,1
2005/8/16,29.5,21.5,24.7,0,4.7
2005/8/17,29.9,21.5,24.7,0,7.1
2005/8/18,27.4,19.7,23.4,0,5.6
2005/8/19,29.2,21.7,24.5,0,2.9
2005/8/20,32,22.2,25.7,0,7.2
2005/8/21,30.5,21.4,25.4,0,6.6
2005/8/22,26.1,21.6,23.6,6,0
2005/8/23,27.2,19.1,22.2,30,5.7
2005/8/24,27.3,19,22.4,0,8.3
2005/8/25,25.8,18.4,21.8,0,4.5
2005/8/26,25.3,19.2,22.3,3,0
2005/8/27,27.4,15.9,22.7,0,10.1
2005/8/28,25.8,14.2,19.5,0,2.1
2005/8/29,27.1,15.7,20.7,0,5.6
2005/8/30,27.3,13.7,20.1,0,4.3
2005/8/31,25.7,16.3,20.4,0,4.4
2005/9/1,29.1,15.2,22.1,0,8.5
2005/9/2,27.5,19.5,23.2,21,2.2
2005/9/3,26.2,18.3,22,3,2
2005/9/4,19,16.9,17.9,3,0
2005/9/5,21.6,17.4,19.2,2,0
2005/9/6,21.1,17.7,19.4,7,0
2005/9/7,27.3,18.8,23.3,13,0.1
2005/9/8,26.5,13.9,21.3,10,3.9
2005/9/9,26.1,11.9,19.4,0,10.8
2005/9/10,25.4,19.1,21.5,8,1.9
2005/9/11,26.8,15.3,21.6,2,4.5
2005/9/12,27.7,13.4,21.1,0,10
2005/9/13,25.9,17.5,22.3,0,1.7
2005/9/14,21.3,14.8,17.6,40,0
2005/9/15,22.9,9.8,16.4,0,7
2005/9/16,23.8,9.5,16.8,0,7.4
2005/9/17,24,15.1,19.2,0,6.3
2005/9/18,23.3,18.7,21.1,1,0.4
2005/9/19,24.5,17.7,21.4,6,0.4
2005/9/20,20.8,14.2,16.9,0,0.2
2005/9/21,23,10.3,16.3,0,8.5
2005/9/22,19,13.8,15.6,16,0.6
2005/9/23,20,15.1,17.2,4,0
2005/9/24,23,13,17,0,10
2005/9/25,17.3,12.4,14.5,11,0
2005/9/26,18.7,9.8,14.4,0,0.9
2005/9/27,21.4,5.3,12.8,0,10.1
2005/9/28,21,6.3,13,0,10
2005/9/29,21.5,6.2,13,0,9.2
2005/9/30,20.3,7.6,14.4,0,6.1
2005/10/1,16,14.2,15.1,8,0
2005/10/2,20.1,14.4,17.3,0,0
2005/10/3,19.9,7.7,14.2,0,7.3
2005/10/4,14.5,7.9,11.6,0,0
2005/10/5,21,9,13.2,0,6.2
2005/10/6,20.7,5.5,12.4,0,10.5
2005/10/7,19.2,5.7,13.8,3,3.4
2005/10/8,20,12,17.4,18,0.3
2005/10/9,20.3,10.8,14.7,0,7.1
2005/10/10,16.7,9.2,13.6,0,0.1
2005/10/11,21.5,8,14.2,0,7.1
2005/10/12,19.8,6.6,12.3,0,10.3
2005/10/13,18.9,6.1,12.7,0,7.8
2005/10/14,21.4,13.9,17.3,0,3.2
2005/10/15,18.6,15.8,16.9,9,0.2
2005/10/16,20.8,4.9,14.3,2,7
2005/10/17,20.8,3,11.2,0,7.5
2005/10/18,19.3,7.7,12.8,0,5.8
2005/10/19,18.2,6.1,11.9,0,8.5
2005/10/20,17.2,3.8,10.3,0,3
2005/10/21,19,7.7,12.4,0,4.5
2005/10/22,13.7,10,11.7,12,0
2005/10/23,12.2,8.8,10.8,5,0
2005/10/24,16.7,7,11.9,0,5.6
2005/10/25,15.9,1.4,10,2,8.8
2005/10/26,15.6,-1.5,6,0,9.5
2005/10/27,16.7,-1.2,7.2,0,9.1
2005/10/28,16.9,5.4,10.8,0,3.1
2005/10/29,15.5,10.8,12.7,3,0
2005/10/30,11.8,6.7,9.3,0,0
2005/10/31,11.5,-0.6,5.5,0,3.1
2005/11/1,16.3,-2.2,6.1,0,6.3
2005/11/2,12.7,0.6,7.2,0,1.9
2005/11/3,16.2,4.1,9.8,0,2.2
2005/11/4,16.9,7.5,12.4,1,3.2
2005/11/5,17.8,2.3,9.6,0,5.9
2005/11/6,15.3,-0.2,8.8,12,6.2
2005/11/7,16.4,8,13.5,32,2.7
2005/11/8,13.3,4.8,8.7,11,4.1
2005/11/9,7.1,1.2,3.9,4,2.2
2005/11/10,11,2.3,7.1,5,7.8
2005/11/11,11.1,5.7,8.5,9,0
2005/11/12,10.6,4.3,7.3,0,3.9
2005/11/13,7.7,3.7,5.7,1,1.9
2005/11/14,9,0,4.7,0,5.8
2005/11/15,5.6,-1.7,1.6,0,1
2005/11/16,6.3,-2.6,1.4,0,3.6
2005/11/17,5.8,-1.1,1.7,0,1.8
2005/11/18,8.1,-0.1,2.7,3,2.5
2005/11/19,6.8,-0.7,2.3,0,1.3
2005/11/20,6.9,-2,1.6,0,1.8
2005/11/21,7.9,-3.3,2.6,4,7.4
2005/11/22,6.7,1.8,4.1,0,3.6
2005/11/23,7.6,-0.7,4.4,7,3.6
2005/11/24,8.6,1.6,5.5,2,3
2005/11/25,7.6,-2.5,3,1,5.9
2005/11/26,9.8,-2,4.1,0,7.3
2005/11/27,5.2,-3.4,0.6,4,0.5
2005/11/28,8.4,-1.2,3.2,4,3.9
2005/11/29,9,2.1,5.5,10,0.9
2005/11/30,4.2,-0.7,0.8,0,5.8
2005/12/1,5.9,-0.6,2.4,0,6.7
2005/12/2,4.8,-0.9,1.2,4,2.9
2005/12/3,1.1,-3,-1.6,0,2.9
2005/12/4,4.2,-2.9,-0.2,0,7.5
2005/12/5,3.6,-1.7,1.1,4,0
2005/12/6,5.3,-2.8,0.6,0,3.9
2005/12/7,4.6,-6.5,-1.1,0,5.4
2005/12/8,3.9,-3.7,-0.6,0,6
2005/12/9,5.5,-2,0.6,8,4.2
2005/12/10,0,-5.1,-2.7,1,0
2005/12/11,0.4,-12.2,-4.9,0,6.5
2005/12/12,-1.3,-14.6,-7.4,0,2.1
2005/12/13,-2.1,-9.1,-4.6,0,5.7
2005/12/14,-2.6,-10.8,-5.2,0,1.7
2005/12/15,1.4,-9.4,-4.5,0,6.4
2005/12/16,2.7,-9.3,-4.6,2,3
2005/12/17,1.1,-6.5,-1.7,12,0
2005/12/18,-1.5,-7.5,-4.8,0,2.9
2005/12/19,-0.6,-10.5,-5.9,1,2.2
2005/12/20,2,-13.5,-6.3,0,4
2005/12/21,3,-6.6,-1.4,1,7
2005/12/22,1.2,-6.5,-1.2,1,0
2005/12/23,-0.3,-7.1,-2,9,1.2
2005/12/24,2,-6.7,-2.4,3,4.9
2005/12/25,0.3,-7,-2.3,9,1.2
2005/12/26,-1.8,-6.5,-3.9,3,0.4
2005/12/27,-2.9,-8.8,-4.6,0,0.1
2005/12/28,-2,-9.5,-5.1,0,2.5
2005/12/29,-0.3,-5.8,-3.2,0,3.5
2005/12/30,-0.2,-11.1,-4.9,0,4.5
2005/12/31,0.9,-9.7,-4.2,0,7.6
2006/1/1,-0.3,-11.3,-5.2,0,1.5